2,11.49,10.984350380478261,0
4,11.4825,10.980945001593183,1
6,11.456,10.981334453457682,1
8,11.45375,10.981562936350526,0
10,11.48125,10.982401714633966,0
12,11.474675,10.980681644017434,0
14,11.45625,10.981338651837419,0
16,11.456875,10.981650940638799,0
18,11.4738,10.981532806338576,1
20,11.47775,10.981043509829535,1
22,11.48375,10.98088031652537,0
24,11.480025000000001,10.980433224024566,0
26,11.4725,10.980760061961876,0
28,11.4713,10.980627064633644,1
30,11.475249999999999,10.980888989195114,0
32,11.469375000000001,10.98089133630331,0
34,11.4545,10.980598492681182,1
36,11.449575,10.980561177603198,0
38,11.4537,10.980608864152648,0
40,11.45625,10.98028558419117,1
42,11.44875,10.981532594921894,1
44,11.447499999999998,10.980432278578226,1
46,11.444524999999999,10.981034465235355,0
48,11.447524999999999,10.981182536725031,0
50,11.455874999999999,10.980555525146947,0
52,11.45625,10.980550653818591,1
54,11.455025,10.980257773785997,1
56,11.455000000000002,10.98083847746735,0
58,11.456249999999999,10.980969270876031,1
60,11.454849999999999,10.980290562573293,0
62,11.455525,10.980294081874604,1
64,11.453325,10.980493294885225,0
66,11.454800000000002,10.980454733044676,1
68,11.454775,10.980284594039412,1
70,11.45375,10.980343890767651,0
72,11.457500000000001,10.98031423011017,0
74,11.457500000000001,10.980341646438266,0
76,11.463750000000001,10.980688439284291,1
78,11.466025,10.98039006012888,0
80,11.46,10.980804681996373,1
82,11.453774999999998,10.98042009189454,0
84,11.456124999999998,10.980317674162107,0
86,11.46,10.98041590348605,0
88,11.466250000000002,10.980224956638093,0
90,11.46425,10.980250280864588,1
92,11.46625,10.98020142285905,0
94,11.463750000000001,10.980352640857134,1
96,11.469999999999999,10.981100671573978,1
98,11.47625,10.98040249696279,0
100,11.475,10.980336037003346,0
102,11.475,10.980280155675016,1
104,11.4775,10.980547116011483,0
106,11.474075,10.980284138787336,1
108,11.47625,10.980437036698243,0
110,11.47125,10.980775413853518,0
112,11.463750000000001,10.980511534029466,1
114,11.464175,10.981017959977835,1
116,11.465,10.980290611394569,0
118,11.4625,10.98049366172928,0
120,11.462525000000001,10.980305514487702,0
122,11.465,10.98032320729532,0
124,11.463775000000002,10.980168419892317,0
126,11.460250000000002,10.980777330230834,1
128,11.45625,10.981484116632744,1
130,11.45325,10.980302007872796,0
132,11.453774999999998,10.980182128127606,0
134,11.45525,10.980255094417826,1
136,11.448749999999999,10.980853018450876,1
138,11.443249999999999,10.980350422011337,0
140,11.44375,10.9802857302791,1
142,11.4375,10.980921267987695,1
144,11.4325,10.980244351791534,0
146,11.4325,10.98035949030337,0
148,11.43375,10.98033871039659,1
150,11.42875,10.980719847781515,1
152,11.4243,10.980398682083242,1
154,11.413725,10.980680952139782,1
156,11.405,10.980554123499074,1
158,11.4025,10.98036356567415,0
160,11.41,10.981141086467222,0
162,11.415000000000001,10.980333981953445,1
164,11.41015,10.98059754758014,1
166,11.407499999999999,10.980473752428708,1
168,11.405,10.980243262023082,0
170,11.405,10.98026359246717,0
172,11.40625,10.980325629497182,1
174,11.40375,10.98030059844376,0
176,11.405,10.98030433496008,0
178,11.405,10.980173767161778,0
180,11.405325,10.980270553791298,0
182,11.41,10.980702822229555,0
184,11.417,10.980305858731716,1
186,11.4143,10.980301798270819,1
188,11.41125,10.980638238558022,1
190,11.397499999999999,10.981157105402872,1
192,11.395,10.980324351493046,0
194,11.395,10.980227708552578,0
196,11.405000000000001,10.980688215761878,1
198,11.385,10.980486544574605,1
200,11.382750000000001,10.980204419486356,0
202,11.385225,10.980242634223696,0
204,11.39,10.981759378928475,0
206,11.396,10.980187764132765,1
208,11.39,10.980480453335604,1
210,11.383750000000001,10.980203651816554,1
212,11.375,10.981221999631533,1
214,11.365,10.980382153762667,0
216,11.36625,10.980593340496007,1
218,11.36475,10.980320351492736,0
220,11.37105,10.980749766344163,0
222,11.376425000000001,10.980443649528077,1
224,11.375,10.980393746358887,0
226,11.379999999999999,10.98046064214345,0
228,11.387500000000001,10.980214052702852,1
230,11.38625,10.980196381075164,1
232,11.385000000000002,10.980160791536685,1
234,11.38125,10.980535103869135,1
236,11.37625,10.980273266109311,1
238,11.375,10.980291013168824,0
240,11.375,10.980270157579028,1
242,11.370000000000001,10.980484642761605,1
244,11.367825000000002,10.981124927140511,1
246,11.366249999999999,10.980185704456554,0
248,11.372375000000002,10.980568668906514,0
250,11.375,10.980220576634864,0
252,11.37625,10.980430844107541,0
254,11.37985,10.980741292697267,0
256,11.387500000000001,10.980833710909433,0
258,11.387500000000001,10.980271918413766,0
260,11.3886,10.980727875890816,0
262,11.396125000000001,10.980279148463085,0
264,11.396225000000001,10.980285269241582,1
266,11.3825,10.981112150423634,1
268,11.375,10.98015802157837,0
270,11.37625,10.98037432841326,1
272,11.3755,10.980212480177888,0
274,11.381250000000001,10.98091850393834,0
276,11.385,10.980218113354223,1
278,11.384925,10.980191935282697,0
280,11.387500000000001,10.980268354696628,1
282,11.38505,10.98022801680969,0
284,11.3925,10.980641904817631,0
286,11.394050000000002,10.980208158967216,0
288,11.396249999999998,10.98039329562594,0
290,11.396525,10.98018807217951,1
292,11.39375,10.980415017878485,1
294,11.389325000000001,10.98054413564951,1
296,11.385,10.980184072377286,0
298,11.38625,10.980325457142031,1
300,11.384,10.980411000880629,0
302,11.385000000000002,10.980378584574133,1
304,11.383500000000002,10.980234884952864,0
306,11.38625,10.980167825751069,0
308,11.39,10.980620067913751,0
310,11.396825,10.980233527669252,1
312,11.395425,10.980190794761604,1
314,11.392725,10.98021883282499,0
316,11.39375,10.980258572418203,0
318,11.395,10.980194033533111,0
320,11.395,10.980235134734022,0
322,11.395,10.980254844855093,0
324,11.3955,10.980652457831543,0
326,11.403749999999999,10.98150966214915,0
328,11.40625,10.980159135889002,1
330,11.402149999999999,10.980561676037231,1
332,11.3955,10.980392944111873,1
334,11.38985,10.980383612573824,1
336,11.387,10.981626758729535,1
338,11.385125,10.980237150558048,0
340,11.387500000000001,10.980213130072839,0
342,11.393475,10.980686083939254,0
344,11.39375,10.980260563839062,0
346,11.39375,10.980160439255242,1
348,11.393275,10.980197685952543,0
350,11.39375,10.980316902221267,0
352,11.396249999999998,10.980229275968748,1
354,11.392525,10.980316714180361,1
356,11.3925,10.980180264347602,0
358,11.39375,10.98021220615109,0
360,11.396249999999998,10.980322931693703,1
362,11.395,10.980176168746807,1
364,11.394075,10.980185836288632,1
366,11.39375,10.980262474828216,0
368,11.394950000000001,10.980226036424918,0
370,11.396249999999998,10.980183270149865,0
372,11.396249999999998,10.98026040563997,0
374,11.396474999999999,10.981175618671005,1
376,11.39625,10.980467420028555,1
378,11.3935,10.980658814864553,0
380,11.39375,10.980213568760854,1
382,11.3925,10.980235520388247,0
384,11.3925,10.980229671892424,0
386,11.39375,10.980202298572591,0
388,11.395,10.980264623302705,0
390,11.395249999999999,10.9802112703891,1
392,11.3925,10.980180627612212,0
394,11.395,10.980213662140395,1
396,11.391525,10.98057988688973,1
398,11.38625,10.980174149526515,1
400,11.382500000000002,10.980199841027686,0
402,11.385000000000002,10.98020131125829,1
404,11.384525,10.980219076703865,0
406,11.385,10.980185688874238,0
408,11.38565,10.980180685112042,0
410,11.391250000000001,10.981264991047455,0
412,11.39625,10.980184150853402,0
414,11.39625,10.980169744931604,1
416,11.395425,10.980246364017438,1
418,11.395,10.980220040088707,0
420,11.39625,10.980253914529005,0
422,11.39625,10.980155585594904,1
424,11.394375,10.980728174326284,0
426,11.402499999999998,10.980269351053806,0
428,11.407825,10.980199245652756,1
430,11.404924999999999,10.980188742891777,0
432,11.405,10.980181136181924,0
434,11.407049999999998,10.980235632683883,0
436,11.407274999999998,10.980196061738608,1
438,11.405000000000001,10.980213000848428,0
440,11.405000000000001,10.980185044186493,0
442,11.40575,10.98031643937588,0
444,11.4067,10.980162146189945,1
446,11.406075000000001,10.98023825182743,0
448,11.41,10.98056650901107,0
450,11.425025,10.983451284170993,1
452,11.426125,10.980231505845829,0
454,11.425,10.980212651702423,1
456,11.42605,10.980223231361482,1
458,11.42625,10.980160578623021,1
460,11.4275,10.980230716271764,0
462,11.42625,10.980207824921742,1
464,11.4275,10.98019431036396,0
466,11.421875,10.980834232754045,0
468,11.432725000000001,10.980328749009734,1
470,11.435374999999999,10.980217715024137,1
472,11.43645,10.980257426862952,0
474,11.435025,10.980289399522206,1
476,11.4375,10.98016286908115,0
478,11.435625,10.980229677641022,1
480,11.43625,10.980183555616911,0
482,11.43,10.980953365837921,0
484,11.424825000000002,10.980216277584539,1
486,11.42625,10.98019986362378,0
488,11.426,10.980250795670353,0
490,11.42375,10.980208336109754,1
492,11.42625,10.980197704838238,0
494,11.42625,10.980272387693871,0
496,11.42595,10.980315972354738,0
498,11.423275,10.98028986994557,1
500,11.423750000000002,10.980339822811471,0
502,11.417625000000001,10.980933062750513,1
504,11.4161,10.980233761588483,1
506,11.415000000000001,10.980239971972887,0
508,11.415000000000001,10.980164247099573,0
510,11.416250000000002,10.980183818155176,1
512,11.415525,10.980195238813486,1
514,11.41,10.98056128070454,0
516,11.411224999999998,10.981135829807776,0
518,11.414100000000001,10.980326390511184,0
520,11.415000000000001,10.9802599807822,1
522,11.413874999999999,10.98029436660955,0
524,11.416125000000001,10.980290769597964,1
526,11.41455,10.980161246806766,0
528,11.415600000000001,10.980289627828302,0
530,11.4175,10.980291198967725,0
532,11.4175,10.980257332751817,1
534,11.416250000000002,10.980179681885112,0
536,11.4175,10.980234497228903,0
538,11.423750000000002,10.983521493731887,1
540,11.425,10.980308068282323,1
542,11.42625,10.980178866889043,0
544,11.425474999999999,10.98016892186875,0
546,11.42075,10.98100894093522,1
548,11.412499999999998,10.980215377827175,0
550,11.41375,10.980242891458321,1
552,11.412499999999998,10.980286540940584,0
554,11.412499999999998,10.980271302503958,0
556,11.412499999999998,10.98020840415407,0
558,11.412499999999998,10.98021940366084,0
560,11.416250000000002,10.980238076356764,1
562,11.41375,10.980228657334548,1
564,11.41,10.98071442468202,1
566,11.4025,10.980197930476042,0
568,11.403749999999999,10.980245697566998,0
570,11.40625,10.98024175563782,0
572,11.407525,10.981375891450881,0
574,11.415000000000001,10.980317087520637,0
576,11.416250000000002,10.980173883989682,0
578,11.417475000000001,10.981099870543838,1
580,11.416250000000002,10.980230588969354,1
582,11.413749999999999,10.980225716160396,0
584,11.415,10.980224283937488,1
586,11.413749999999999,10.980237659162585,0
588,11.41625,10.980681498176185,0
590,11.41725,10.980313160083455,1
592,11.413749999999999,10.98208296812237,0
594,11.416250000000002,10.980209771583613,0
596,11.416250000000002,10.980170431125007,1
598,11.415,10.980234187328126,0
600,11.415,10.98074254825115,1
602,11.414575,10.980213425352556,0
604,11.415,10.980276611112698,0
606,11.4175,10.985708543730894,1
608,11.411150000000001,10.981422844141115,0
610,11.4165,10.980168930169045,1
612,11.412499999999998,10.980215318477715,0
614,11.413749999999999,10.980225488006939,0
616,11.41465,10.980209144838454,0
618,11.4175,10.980176790013488,1
620,11.41525,10.980233668519853,1
622,11.415000000000001,10.980226388010513,1
624,11.414499999999999,10.98043619376641,0
626,11.41725,10.980246692820012,1
628,11.41575,10.980303385044166,0
630,11.416250000000002,10.980253504252934,1
632,11.4145,10.980216804977033,0
634,11.415049999999999,10.980180751006028,1
636,11.413749999999999,10.980183434231677,0
638,11.416625,10.980295373406648,1
640,11.416250000000002,10.980571405899266,0
642,11.416250000000002,10.980166933297383,1
644,11.412499999999998,10.980400182222818,1
646,11.407499999999999,10.981023013334122,1
648,11.4025,10.980295929532826,1
650,11.401525,10.980202570875758,1
652,11.397499999999999,10.980630892263646,1
654,11.39375,10.98016256886212,1
656,11.3935,10.98020615744993,0
658,11.39705,10.98018891025234,1
660,11.39375,10.980552225066802,1
662,11.3925,10.98017311686826,0
664,11.395,10.980240117007021,1
666,11.3925,10.980255918077043,0
668,11.3935,10.980221501112927,0
670,11.40125,10.981939478708535,0
672,11.403400000000001,10.980311871215335,1
674,11.40125,10.98247814303121,0
676,11.4032,10.980359180438949,0
678,11.406225,10.980303252118391,1
680,11.403799999999999,10.980169127910306,0
682,11.406225000000001,10.980158871057007,1
684,11.405,10.980158551951195,1
686,11.404275,10.980265546528699,0
688,11.407074999999999,10.980450886092978,1
690,11.4064,10.980272462930223,1
692,11.405000000000001,10.980286194681897,0
694,11.407499999999999,10.980332391670787,1
696,11.405,10.980264685707896,0
698,11.40625,10.980216562179532,0
700,11.407499999999999,10.98031705429786,1
702,11.40625,10.980320898980287,0
704,11.40625,10.980189259809963,0
706,11.40625,10.980228547599276,0
708,11.407499999999999,10.980366121221623,1
710,11.405000000000001,10.980434638036652,1
712,11.405,10.980495689931502,0
714,11.4063,10.980250873344737,1
716,11.40625,10.980573948504516,0
718,11.40625,10.980625313364987,0
720,11.40625,10.980614337886133,0
722,11.412500000000001,10.98154419011639,0
724,11.416250000000002,10.98025285084656,1
726,11.41625,10.980417512130972,0
728,11.416250000000002,10.980297238124448,1
730,11.41625,10.980494088963969,0
732,11.416250000000002,10.980283912915818,0
734,11.4175,10.980451620805429,1
736,11.41525,10.980466827791446,0
738,11.4175,10.980350345975534,0
740,11.423750000000002,10.988577105650943,1
742,11.42625,10.98030477684603,0
744,11.425,10.980296053154769,0
746,11.41875,10.986299006238335,0
748,11.42475,10.980243822480272,0
750,11.423750000000002,10.98049763778293,0
752,11.422500000000001,10.980695658437014,1
754,11.42625,10.980279871949628,0
756,11.41875,10.981006957032612,1
758,11.415000000000001,10.980260507959333,1
760,11.413749999999999,10.980372909387302,1
762,11.40875,10.981200143056586,1
764,11.405825,10.980339151238141,0
766,11.40625,10.980354804379198,1
768,11.404375,10.980625508150847,0
770,11.40625,10.980907610811412,0
772,11.40625,10.980948884117316,0
774,11.407499999999999,10.982094010364019,1
776,11.40625,10.982305270427496,0
778,11.415000000000001,10.98325704967485,0
780,11.422500000000001,10.984229273040185,1
2,11.475000000000001,10.98033545420502,1
4,11.465,10.980149165713902,0
6,11.47375,10.984446039867557,0
8,11.485,10.98077936155519,1
10,11.491425000000001,10.981452587272043,1
12,11.49625,10.980683393040911,0
14,11.49,10.980710708040633,0
16,11.48375,10.980844407751357,0
18,11.47875,10.981209762683577,1
20,11.4725,10.98135908975997,0
22,11.47255,10.980333874740431,0
24,11.473749999999999,10.980524877453156,1
26,11.473575,10.98050540056772,0
28,11.4795,10.98091699412942,1
30,11.487525,10.980554350121684,1
32,11.49375,10.98059044740584,0
34,11.48975,10.980642292899244,0
36,11.485,10.980879454016323,0
38,11.483700000000002,10.980758331026676,1
40,11.48625,10.980333935669176,0
42,11.485,10.980238562782304,1
44,11.48625,10.98085864344496,0
46,11.485000000000001,10.980299919325901,0
48,11.485,10.98028051965997,0
50,11.485,10.9802327185239,1
52,11.48625,10.980331221545052,1
54,11.4875,10.981349089927061,0
56,11.48625,10.980505601253762,1
58,11.4875,10.980652626721207,0
60,11.48625,10.980232393706352,0
62,11.484375,10.980422015212305,1
64,11.484950000000001,10.98055258371024,0
66,11.48375,10.980395779920398,1
68,11.48625,10.980333067615588,0
70,11.484075,10.980280242555738,1
72,11.48625,10.980283427356028,1
74,11.4875,10.980631668849894,0
76,11.48625,10.980461883117265,0
78,11.485,10.980769432530336,0
80,11.485,10.980487568725785,1
82,11.48625,10.980330382417629,0
84,11.481075,10.98113205709117,1
86,11.47625,10.98036682939511,1
88,11.475000000000001,10.98027210206408,1
90,11.474175,10.980382832260897,1
92,11.4725,10.98110827305067,1
94,11.46625,10.980292086563809,0
96,11.467500000000001,10.980369442498043,1
98,11.463750000000001,10.980301867207064,0
100,11.4661,10.980465810315213,1
102,11.465475000000001,10.980433654782491,1
104,11.458750000000002,10.981366737812724,1
106,11.4525,10.980270651122082,1
108,11.448925,10.980809536651696,1
110,11.44375,10.980551938671251,0
112,11.445,10.980271332575933,0
114,11.4475,10.98161269347336,1
116,11.445,10.980395947763057,0
118,11.446225,10.980220958146077,1
120,11.44125,10.98060110956313,1
122,11.438775,10.981120646904452,0
124,11.4438,10.980299129560596,0
126,11.44625,10.980372706454249,1
128,11.44375,10.980249760217543,0
130,11.448150000000002,10.980336868856861,1
132,11.44625,10.980229408422751,0
134,11.44625,10.980295010790876,0
136,11.44625,10.98032979291616,0
138,11.44625,10.980263784533392,0
140,11.449925,10.981372028765616,0
142,11.455050000000002,10.981092102444421,1
144,11.455000000000002,10.980277638952872,0
146,11.455625,10.980381757265603,1
148,11.454999999999998,10.980224183977482,0
150,11.454999999999998,10.980289466724434,0
152,11.457475,10.98027001610504,1
154,11.449725,10.98108364337751,1
156,11.44375,10.98017772377799,0
158,11.446,10.980447687523387,1
160,11.44375,10.980266192399142,0
162,11.44725,10.981450949110888,1
164,11.445,10.980206101670705,1
166,11.444999999999999,10.98039340786659,0
168,11.449825,10.981241590113418,0
170,11.460400000000002,10.98176868072615,0
172,11.464075000000001,10.98020897001031,0
174,11.46625,10.980308435346439,1
176,11.4625,10.980484749333728,0
178,11.464825000000001,10.980344651872738,1
180,11.463750000000001,10.98035492989917,0
182,11.465000000000002,10.980951092707848,1
184,11.463750000000001,10.980240418044628,0
186,11.465,10.980329710426359,0
188,11.46725,10.981229206770314,0
190,11.468250000000001,10.980532477641917,0
192,11.473749999999999,10.98039180324956,1
194,11.475,10.980201691132802,0
196,11.475,10.980409730120547,1
198,11.4775,10.980357696547147,0
200,11.4775,10.981265237397018,0
202,11.475025,10.98032224012695,0
204,11.475,10.980225592000966,0
206,11.474474999999998,10.980283588893718,1
208,11.47625,10.980329982455409,0
210,11.473775,10.98034186570744,1
212,11.4775,10.98095210617922,0
214,11.47375,10.98034034820318,0
216,11.4725,10.980315827417003,0
218,11.468925,10.986132903614495,0
220,11.474,10.98057937894317,1
222,11.475025,10.980347409327559,0
224,11.475025,10.980253855017567,1
226,11.47875,10.98100063045418,1
228,11.486,10.980395337357995,0
230,11.485,10.980484828342911,0
232,11.48375,10.980468405397668,0
234,11.48,10.982001963032078,0
236,11.476624999999999,10.980923084901258,0
238,11.475000000000001,10.98025002827954,1
240,11.47625,10.980244633763625,0
242,11.47,10.981078336415903,0
244,11.47,10.981005386742336,1
246,11.475,10.980304592223309,1
248,11.47625,10.98053747569211,0
250,11.473775,10.980295574279848,1
252,11.475,10.980181841807022,0
254,11.47375,10.980283801866484,1
256,11.473875,10.98043561795241,1
258,11.4775,10.980352715261564,0
260,11.475,10.984944299499253,0
262,11.468750000000002,10.981756775099903,1
264,11.45875,10.980772944762656,1
266,11.456249999999999,10.980270174843136,1
268,11.454999999999998,10.980487383088482,0
270,11.457500000000001,10.98025772823864,1
272,11.454999999999998,10.980255290567197,0
274,11.45625,10.980189578044621,0
276,11.4625,10.980865291133114,0
278,11.46625,10.980302354016855,1
280,11.465750000000002,10.980288951257425,1
282,11.463750000000001,10.980254379603652,0
284,11.466250000000002,10.980242088374116,1
286,11.465000000000002,10.980330386786319,1
288,11.46395,10.980231397896723,0
290,11.466250000000002,10.980302170574019,0
292,11.467500000000001,10.982408554895267,1
294,11.466250000000002,10.980347943605484,1
296,11.463750000000001,10.98026647085703,0
298,11.466250000000002,10.980332225557278,1
300,11.46625,10.980348899550153,0
302,11.46625,10.980217421850533,0
304,11.4715,10.980794264097437,1
306,11.475,10.980207890182303,1
308,11.47625,10.980216548455447,1
310,11.48,10.980786293520104,1
312,11.485000000000001,10.980165863747215,1
314,11.48625,10.980450708013766,0
316,11.486,10.980286019779552,0
318,11.485,10.980303458449335,0
320,11.485,10.980185532152813,1
322,11.485625,10.980200038279387,0
324,11.485,10.980597886236518,0
326,11.4775,10.980564786433417,0
328,11.475575000000001,10.980277545269043,0
330,11.475375,10.980219193036811,0
332,11.475,10.98030493741895,1
334,11.48125,10.981275616558396,1
336,11.485050000000001,10.980724387825195,0
338,11.48375,10.98020771513511,1
340,11.4875,10.98021338922699,0
342,11.48625,10.980201418856163,1
344,11.4877,10.980244674876895,0
346,11.48625,10.980184621375088,0
348,11.485175,10.980281887904116,0
350,11.485,10.980324062898434,1
352,11.48625,10.980197626347591,0
354,11.485000000000001,10.980315276337155,0
356,11.485,10.980246185524667,0
358,11.485,10.980586837048945,0
360,11.484750000000002,10.980262561135621,1
362,11.48625,10.980238275604616,1
364,11.4875,10.98042502199009,0
366,11.48395,10.980800304182958,1
368,11.485375,10.980305035688028,0
370,11.485,10.980216120554106,0
372,11.472475,10.981521014206942,0
374,11.465000000000002,10.980254999839325,0
376,11.466250000000002,10.980424462855643,1
378,11.465625,10.980481401105934,1
380,11.463750000000001,10.98023563862523,1
382,11.463375,10.980185330496944,0
384,11.465,10.980207036302936,1
386,11.4625,10.98026397833998,0
388,11.465,10.980209316005904,1
390,11.463750000000001,10.980214716489797,0
392,11.463750000000001,10.980335140580248,1
394,11.463375,10.980181952468135,0
396,11.46625,10.980224506225623,1
398,11.465,10.980398717131866,0
400,11.466250000000002,10.980290935826007,1
402,11.465,10.980274824731328,0
404,11.466000000000001,10.980211803443355,1
406,11.463750000000001,10.980211380508672,0
408,11.466250000000002,10.980206678118403,1
410,11.465,10.98021007035545,0
412,11.466250000000002,10.980203002229361,1
414,11.465,10.980244823355847,0
416,11.465,10.98022486844385,0
418,11.46625,10.980239102501189,1
420,11.46,10.981105184136835,1
422,11.454999999999998,10.980244406168623,1
424,11.45375,10.980250059359939,1
426,11.4525,10.980223052479927,0
428,11.4525,10.980183172451325,0
430,11.4525,10.980218891870207,0
432,11.45375,10.980157886945095,0
434,11.46,10.981056488683972,0
436,11.465,10.980284218113928,0
438,11.46625,10.98021048741525,0
440,11.466250000000002,10.980331458526075,1
442,11.46625,10.980304916643217,1
444,11.465,10.980291720359302,1
446,11.463750000000001,10.980513583973469,0
448,11.463750000000001,10.980710987768774,0
450,11.466600000000001,10.980323236126768,1
452,11.466225000000001,10.980205740087541,0
454,11.46625,10.980177931294596,1
456,11.465000000000002,10.980204712204117,1
458,11.465,10.980258122020807,1
460,11.463750000000001,10.980261266050363,0
462,11.463875000000002,10.980198883193948,1
464,11.463750000000001,10.980228170593254,0
466,11.465,10.980209449126583,0
468,11.466750000000001,10.980308961382969,1
470,11.466050000000001,10.98026541336458,1
472,11.466000000000001,10.980229588657117,1
474,11.463750000000001,10.980169635360664,1
476,11.46355,10.980235783942621,0
478,11.466250000000002,10.980196384376711,1
480,11.465000000000002,10.98017990563713,1
482,11.465,10.980255022021927,1
484,11.463750000000001,10.980700056102364,1
486,11.45985,10.980957950774805,1
488,11.45375,10.980204833693131,0
490,11.454725,10.980216286122603,0
492,11.45625,10.980223053074209,1
494,11.453775,10.980380597671275,0
496,11.454999999999998,10.980195447361071,0
498,11.456249999999999,10.980184343401046,0
500,11.456249999999999,10.980275445714737,1
502,11.455725000000001,10.980220978318748,1
504,11.454999999999998,10.980205877688276,0
506,11.454999999999998,10.980220017655325,0
508,11.4625,10.98091100094666,0
510,11.465,10.980213548098364,1
512,11.463750000000001,10.980178294820817,0
514,11.465,10.980244534969708,0
516,11.465000000000002,10.980307389488583,0
518,11.466250000000002,10.980189187952579,0
520,11.466250000000002,10.980243689721016,1
522,11.463750000000001,10.98030564988542,0
524,11.465,10.980169897976014,0
526,11.465475000000001,10.98032556405221,1
528,11.463775,10.98034954469888,0
530,11.466250000000002,10.980223866749695,1
532,11.465,10.980250713013083,0
534,11.465,10.980254245629597,0
536,11.465,10.98021566689016,0
538,11.46625,10.980288728840192,0
540,11.46625,10.980209580974845,0
542,11.466675000000002,10.980199997047487,1
544,11.465000000000002,10.980221657091375,0
546,11.466375000000001,10.98026403416806,1
548,11.466250000000002,10.98029538309169,0
550,11.46875,10.982892310070724,1
552,11.463750000000001,10.980330871758078,0
554,11.465,10.980260123966811,0
556,11.466250000000002,10.980227497838484,0
558,11.467500000000001,10.980346720286152,0
560,11.47125,10.981053972017095,1
562,11.471325,10.986476914391021,1
564,11.474775000000001,10.98027668300676,1
566,11.4752,10.980242431337714,1
568,11.47625,10.98037731071378,0
570,11.474375,10.980526543240506,0
572,11.473749999999999,10.980202538267028,0
574,11.466275000000001,10.981417881839862,1
576,11.4625,10.98034319263065,0
578,11.466000000000001,10.980218834316322,1
580,11.463750000000001,10.980325275726738,0
582,11.46605,10.980211139014337,1
584,11.464225,10.980212200122391,0
586,11.4673,10.980232138946976,1
588,11.463750000000001,10.980255718189378,0
590,11.466250000000002,10.980203246919617,1
592,11.465425,10.980237639192714,0
594,11.467250000000002,10.980271457731886,1
596,11.466250000000002,10.980422362648916,0
598,11.466725000000002,10.98021045236805,1
600,11.465000000000002,10.980262752535625,1
602,11.463750000000001,10.980225045015095,0
604,11.464950000000002,10.980364998776793,0
606,11.466250000000002,10.980265290192243,1
608,11.465000000000002,10.980231579423059,0
610,11.4655,10.980398303776163,1
612,11.463375,10.980261094293269,0
614,11.463750000000001,10.980244942917128,0
616,11.465,10.980316155109447,1
618,11.463750000000001,10.980192923900708,0
620,11.463750000000001,10.980279308163594,0
622,11.464850000000002,10.980304580603784,0
624,11.466250000000002,10.980225774051183,1
626,11.465025,10.980422391275779,1
628,11.465,10.98028299266967,0
630,11.46625,10.98029323173708,1
632,11.465,10.980349889534477,0
634,11.465,10.980261665620331,0
636,11.466250000000002,10.980274385723506,1
638,11.465,10.98025839375406,1
640,11.461875,10.981121788239822,1
642,11.455624999999998,10.980266660479247,1
644,11.455224999999999,10.980230830279034,0
646,11.456249999999999,10.980276910430021,1
648,11.45115,10.986156536860912,0
650,11.46225,10.980566195251978,0
652,11.467500000000001,10.980304897629086,1
654,11.462074999999999,10.980937755399165,1
656,11.46105,10.980772669285082,0
658,11.46625,10.980239269310701,1
660,11.46385,10.980259516802235,0
662,11.466250000000002,10.980167308179693,0
664,11.466250000000002,10.98026395029609,0
666,11.467500000000001,10.980324720401818,1
668,11.466250000000002,10.980251929818419,0
670,11.467500000000001,10.98022052273804,0
672,11.470500000000001,10.980891990576113,1
674,11.4775,10.98218075486582,1
676,11.48125,10.985465899944726,0
678,11.475,10.98043324325497,1
680,11.4775,10.980324560023254,0
682,11.477475000000002,10.980360067669913,0
684,11.475,10.98029511896148,1
686,11.476475,10.980236060840367,1
688,11.4775,10.980206604336,0
690,11.4764,10.980237424574689,0
692,11.47625,10.980247017094579,0
694,11.47625,10.980327872212426,1
696,11.4775,10.980282807514994,0
698,11.4766,10.980646173608253,0
700,11.47625,10.980257242459341,1
702,11.4775,10.98066334274132,0
704,11.47625,10.980340312176045,1
706,11.4775,10.980345373938405,0
708,11.47625,10.98028195863643,0
710,11.47625,10.980366647896512,0
712,11.475,10.980421914015603,0
714,11.473949999999999,10.980529042175696,1
716,11.4775,10.980359584405551,0
718,11.47625,10.980364401840362,0
720,11.475,10.980369887873747,1
722,11.4755,10.980522652300202,0
724,11.475,10.980380585889975,1
726,11.475475000000001,10.98035699455365,0
728,11.475,10.980291519705963,1
730,11.47625,10.980330856045367,0
732,11.475,10.980369723807495,1
734,11.4775,10.980348484502263,0
736,11.4775,10.980374385400923,0
738,11.47625,10.980306995722836,0
740,11.47625,10.980375246246659,1
742,11.4775,10.980471528104628,0
744,11.47625,10.980385154397787,0
746,11.47625,10.980379085914894,0
748,11.475000000000001,10.980604091745588,1
750,11.47625,10.980788550946365,0
752,11.47,10.984211064533808,0
754,11.4675,10.988339677247824,0
756,11.475325,10.9815120518487,0
758,11.473775,10.982111529456356,1
760,11.475,10.980692977624972,1
762,11.47625,10.980437824858015,0
764,11.475,10.980654633298244,1
766,11.47625,10.9807414314154,1
768,11.4775,10.980488021766009,0
770,11.47625,10.9804617633084,0
772,11.47625,10.980765555741574,0
774,11.47625,10.98098354214843,0
776,11.47625,10.981197962117232,0
778,11.47625,10.98267567108335,1
780,11.47875,10.984275337493449,0
2,11.46875,10.982452616178024,1
4,11.458750000000002,10.98069164665316,0
6,11.470000000000002,10.980373704824329,1
8,11.4755,10.980379511500312,0
10,11.473749999999999,10.980269519298266,1
12,11.47375,10.981021885265049,1
14,11.474125,10.980522189965109,0
16,11.473749999999999,10.980248788345012,1
18,11.475,10.980219070723606,1
20,11.48085,10.980566926429477,1
22,11.485,10.980273694780028,0
24,11.48,10.980513826683893,1
26,11.481375,10.980745290859579,1
28,11.489999999999998,10.980777184540996,1
30,11.49625,10.982851649085836,1
32,11.500975,10.980639937441437,1
34,11.51025,10.980878678030773,1
36,11.5275,10.98315775941129,1
38,11.54225,10.981375098759498,1
40,11.55125,10.980605834315993,1
42,11.552249999999999,10.980929948414996,0
44,11.548749999999998,10.980506402094356,1
46,11.55475,10.980699207605904,0
48,11.553550000000001,10.980540448838502,1
50,11.567200000000001,10.984017106574031,1
52,11.57345,10.980647891495407,1
54,11.581975,10.98086228996832,1
56,11.583350000000001,10.982060475891117,1
58,11.588725,10.981019648329632,0
60,11.577475,10.981791575777942,0
62,11.573725,10.980467440988068,1
64,11.580375,10.980570305107971,1
66,11.583525000000002,10.980702967362904,0
68,11.576250000000002,10.980289731452325,0
70,11.575025,10.984903863410162,0
72,11.565,10.980600340227209,0
74,11.56375,10.981157034052906,0
76,11.56375,10.980474338916181,1
78,11.5725,10.980830694784343,1
80,11.576250000000002,10.980287508803144,1
82,11.576375,10.98027381356048,0
84,11.575,10.980390173341391,1
86,11.58125,10.981007036338756,1
88,11.587700000000002,10.980286915901495,0
90,11.585999999999999,10.980496397386139,1
92,11.590375,10.981590009208647,1
94,11.593774999999999,10.980579666868834,1
96,11.59625,10.980390251316338,0
98,11.594999999999999,10.98060684218135,1
100,11.59625,10.980855638245615,1
102,11.60125,10.98244128124112,1
104,11.605,10.9804738999972,1
106,11.60625,10.980652855739772,0
108,11.60375,10.980763314951432,1
110,11.60625,10.980612811198275,0
112,11.605,10.980478971270674,1
114,11.623775,10.98459332331304,1
116,11.64625,10.980626909220852,0
118,11.646249999999998,10.980299625296784,0
120,11.645,10.980575055047085,0
122,11.64025,10.982985743608621,0
124,11.63425,10.980210804414709,0
126,11.623750000000001,10.982148482936461,0
128,11.61485,10.980343405708574,0
130,11.61485,10.980292912275322,0
132,11.61375,10.980838281030968,0
134,11.604999999999999,10.983369411846919,0
136,11.596,10.980551751770957,1
138,11.601225,10.982147091709997,1
140,11.605,10.980513553731331,0
142,11.605,10.980544833203352,1
144,11.6075,10.980400719123413,1
146,11.617,10.982242187742546,1
148,11.625775,10.980309254534436,1
150,11.62625,10.98038336112494,0
152,11.62625,10.980414581036037,0
154,11.625,10.980337259060322,1
156,11.62625,10.980308409198516,1
158,11.6325,10.981453424954166,1
160,11.636425000000001,10.980571663789458,1
162,11.6425,10.980558637311047,1
164,11.644975,10.980508231593626,1
166,11.647499999999999,10.980344428935554,0
168,11.644,10.98587744082207,1
170,11.65,10.982706432853893,1
172,11.65625,10.980658767508638,1
174,11.667525000000001,10.984583808953397,1
176,11.676225,10.981556911436275,1
178,11.67625,10.980413891696754,1
180,11.67875,10.982887306079588,0
182,11.675,10.98052195508051,1
184,11.67625,10.980268060849236,1
186,11.68,10.983983441668897,1
188,11.6875,10.984439907152938,0
190,11.68515,10.980591995486632,0
192,11.685,10.98039744170589,1
194,11.685500000000001,10.980446189465283,0
196,11.684875,10.980359719320075,1
198,11.685,10.981194630514725,1
200,11.688274999999999,10.981654026586028,1
202,11.693975,10.981183184912833,1
204,11.696075,10.981909159943957,0
206,11.695,10.981791970487226,0
208,11.693775,10.98157009347675,0
210,11.684999999999999,10.983193598256593,0
212,11.68125,10.981642782265668,1
214,11.6839,10.980668793980666,0
216,11.67875,10.981062733694785,0
218,11.673750000000002,10.98042838523479,0
220,11.672625,10.980351626576969,1
222,11.677475000000001,10.982875335003376,0
224,11.675,10.981634171673326,1
226,11.6764,10.980651956042644,1
228,11.68,10.980705482252985,1
230,11.6843,10.980760260680858,1
232,11.68515,10.980330588367803,0
234,11.683775,10.981197312079264,1
236,11.691799999999999,10.98162767191405,1
238,11.69625,10.980345035099386,0
240,11.69,10.982012260519927,0
242,11.685,10.980346297898027,1
244,11.6852,10.980408707047603,0
246,11.685,10.980682244175378,0
248,11.684975,10.981863868048956,0
250,11.68,10.986833435069597,1
252,11.686,10.980465989709305,1
254,11.68625,10.98039592543063,0
256,11.68525,10.98036618628399,1
258,11.68625,10.981438914588068,0
260,11.68625,10.980355430776344,0
262,11.67625,10.981645922840674,0
264,11.66875,10.983984301937165,1
266,11.67125,10.981482769151583,1
268,11.672574999999998,10.981477922870635,0
270,11.669999999999998,10.981019343002767,0
272,11.658999999999999,10.982640045690134,0
274,11.628749999999998,10.984653128985498,0
276,11.6185,10.981325503151773,0
278,11.618925,10.980703569977848,0
280,11.62035,10.980908806325148,0
282,11.631250000000001,10.982588274037877,0
284,11.63,10.9811710927397,0
286,11.61875,10.981970572394022,1
288,11.60625,10.980914299663935,1
290,11.603025,10.982617371676117,0
292,11.60625,10.980542137745799,0
294,11.6175,10.982965077164089,0
296,11.63125,10.981360214402933,1
298,11.64165,10.98070300963884,0
300,11.637125000000001,10.981031574348266,0
302,11.633750000000001,10.981048406864135,1
304,11.636225,10.980549710671593,0
306,11.633750000000001,10.980206295231307,0
308,11.632500000000002,10.980418347170177,1
310,11.633750000000001,10.980421151855055,0
312,11.632775,10.980359879841759,0
314,11.629999999999999,10.980632258593188,0
316,11.625,10.980246146672181,0
318,11.62275,10.98028108434987,1
320,11.625,10.980218320287054,1
322,11.628749999999998,10.98119492969749,1
324,11.633750000000001,10.980323787925942,0
326,11.63125,10.982227458872929,0
328,11.63125,10.980735221031182,0
330,11.62375,10.980197963504327,1
332,11.629850000000001,10.981166547103864,1
334,11.635000000000002,10.980325157483001,0
336,11.635,10.980169970365257,1
338,11.63625,10.980198020366625,0
340,11.6362,10.980341709496209,0
342,11.63125,10.982257647000452,1
344,11.638825,10.981267122114714,0
346,11.63625,10.980884636230632,0
348,11.635175,10.980964312574732,0
350,11.63485,10.980270853100645,0
352,11.633750000000001,10.98046304222615,1
354,11.633825,10.980318875699389,0
356,11.633600000000001,10.980258494636832,1
358,11.635,10.980235542076585,0
360,11.633750000000001,10.980384480294159,1
362,11.635275,10.98028532321743,0
364,11.6352,10.98027899688584,1
366,11.63875,10.981267706438343,1
368,11.647475,10.980414877132919,0
370,11.64375,10.980673146717134,0
372,11.64375,10.980513273624164,1
374,11.6455,10.980353593987513,0
376,11.645375000000001,10.98021867506365,1
378,11.646249999999998,10.98054350251732,0
380,11.646249999999998,10.98020481210131,0
382,11.64375,10.980273729280537,1
384,11.645125,10.980189222384512,0
386,11.64375,10.980784084358687,0
388,11.64375,10.980387843440468,1
390,11.6466,10.980357259719522,1
392,11.65,10.981518695440634,1
394,11.656199999999998,10.980249831529557,0
396,11.655000000000001,10.980466130227978,0
398,11.653749999999999,10.980281568062729,0
400,11.653749999999999,10.980407843998925,1
402,11.65375,10.980371673155926,0
404,11.653575,10.980357109908383,1
406,11.65375,10.980487343034865,0
408,11.65375,10.980530246077016,0
410,11.6525,10.98055054097985,1
412,11.656625,10.985978007563412,1
414,11.669825,10.981143513099617,1
416,11.675,10.980294006400973,1
418,11.676,10.980951038636826,0
420,11.673825,10.980200912074078,1
422,11.68,10.981306325849959,1
424,11.680375000000002,10.980937766253703,0
426,11.67655,10.980234333145683,0
428,11.675,10.980245147599005,0
430,11.675,10.980296255632112,0
432,11.673750000000002,10.980259742635285,1
434,11.675,10.980352998199638,1
436,11.68,10.98178448987305,1
438,11.685,10.980551416711348,1
440,11.68525,10.980231234229997,1
442,11.685575,10.980269111248587,0
444,11.685,10.980418445191642,0
446,11.68375,10.980507163243,0
448,11.682524999999998,10.980534780095251,0
450,11.6825,10.980316082971969,1
452,11.684375,10.981523167556,0
454,11.68405,10.980987051069686,0
456,11.6825,10.98044633253223,0
458,11.680000000000001,10.981510435451476,0
460,11.67375,10.980283306761716,0
462,11.672500000000001,10.980461208990809,1
464,11.67625,10.980305451851708,0
466,11.67375,10.980499078080907,1
468,11.67625,10.980232855809744,0
470,11.67565,10.98022718360966,0
472,11.67375,10.980643004273217,1
474,11.673750000000002,10.98038801684082,1
476,11.675,10.980367309531829,0
478,11.673750000000002,10.980551317292738,1
480,11.67475,10.980410926325442,1
482,11.675,10.980397400342882,0
484,11.67375,10.980680973509992,1
486,11.675,10.980401524019065,0
488,11.675,10.980350224863837,0
490,11.675,10.98021987694579,0
492,11.67375,10.980458154905005,1
494,11.675,10.98028844286916,1
496,11.676925,10.982572337724969,0
498,11.674675,10.980674833057172,0
500,11.67435,10.980291020513276,1
502,11.674925000000002,10.980416152306333,1
504,11.675425,10.980637952960915,1
506,11.68125,10.981487914355688,1
508,11.69125,10.981977727151763,1
510,11.69585,10.980776477758157,0
512,11.695,10.980303644914784,0
514,11.69125,10.982359765680927,0
516,11.68,10.981380565676538,0
518,11.6753,10.980379923375036,0
520,11.673775,10.980228340635994,1
522,11.68025,10.980785007074251,1
524,11.68375,10.980247058080467,1
526,11.68875,10.980938903442002,0
528,11.68625,10.980565056445341,0
530,11.685,10.980336809885134,0
532,11.68375,10.980405741330012,0
534,11.6835,10.980349550983183,1
536,11.68375,10.980271478024859,0
538,11.67875,10.980797469117634,0
540,11.66725,10.98071794785608,0
542,11.65625,10.985405760430886,0
544,11.6551,10.980248389670134,1
546,11.658850000000001,10.98103082711035,1
548,11.66,10.98043350935604,1
550,11.662749999999999,10.980260776562913,1
552,11.665000000000001,10.980382552727153,1
554,11.666224999999999,10.980239501494355,0
556,11.66125,10.981078520277942,0
558,11.65625,10.980460425681214,1
560,11.662524999999999,10.980874065337218,1
562,11.663749999999999,10.980239201237916,0
564,11.663749999999999,10.980417052419256,1
566,11.665000000000001,10.980654475517273,1
568,11.66625,10.98068467606983,1
570,11.67125,10.980775639248133,1
572,11.675,10.980544884679096,0
574,11.673775,10.980357471914706,0
576,11.66875,10.981225257637266,0
578,11.665000000000001,10.980548389019873,0
580,11.66375,10.98041099474288,1
582,11.66625,10.980686580886665,1
584,11.671875,10.980619175605623,1
586,11.67625,10.98028836523536,0
588,11.673750000000002,10.980255608830495,0
590,11.6687,10.980709995837415,0
592,11.665000000000001,10.980381401512265,0
594,11.662499999999998,10.98027077516198,1
596,11.66375,10.9802586264515,1
598,11.664150000000001,10.98043458083358,0
600,11.662499999999998,10.980445187492993,0
602,11.657499999999999,10.980866136724217,0
604,11.655,10.980298726410373,0
606,11.653749999999999,10.980384151611517,0
608,11.653749999999999,10.980760598553006,1
610,11.65375,10.980285304945024,0
612,11.653749999999999,10.980329820736577,1
614,11.65375,10.980482692053547,0
616,11.653749999999999,10.980427576112735,1
618,11.655,10.980319242532731,0
620,11.653749999999999,10.980319967367421,0
622,11.6525,10.980318573534962,1
624,11.66,10.981628864566975,1
626,11.668875000000002,10.980872040579483,1
628,11.675,10.980720908456803,0
630,11.675,10.980581837302102,0
632,11.675,10.980369518557774,0
634,11.675,10.980721051342105,1
636,11.676,10.980602866196145,1
638,11.67625,10.980612859587207,0
640,11.672500000000001,10.980432530288198,0
642,11.66875,10.981294712606537,0
644,11.65625,10.983372729887947,0
646,11.65625,10.980948366978133,0
648,11.65625,10.980309025542802,0
650,11.655,10.980348061795045,0
652,11.653749999999999,10.98031957445931,1
654,11.655,10.980608542869335,0
656,11.653749999999999,10.980331646544231,1
658,11.655050000000001,10.980690627568459,0
660,11.653749999999999,10.980571411533138,1
662,11.65625,10.98041267736648,0
664,11.655,10.980378452875664,0
666,11.6525,10.980344379526215,1
668,11.65375,10.980448269714067,0
670,11.6525,10.98031781224351,0
672,11.6525,10.980456892329089,1
674,11.65375,10.980583582363494,0
676,11.64625,10.980727902536094,0
678,11.64375,10.980585386068679,0
680,11.64375,10.98039427807903,0
682,11.64375,10.98046647709111,0
684,11.6425,10.980628159355165,1
686,11.642525,10.980359278477406,0
688,11.6425,10.980442775163134,1
690,11.64375,10.980475686721634,0
692,11.637500000000001,10.981267230976114,0
694,11.632500000000002,10.980511604330818,0
696,11.633750000000001,10.981431588743948,0
698,11.633750000000001,10.982699229366808,1
700,11.6325,10.983161960070452,0
702,11.632500000000002,10.980375203446581,0
704,11.635,10.980462244644466,0
706,11.635,10.980465066952474,1
708,11.632500000000002,10.980346333348113,1
710,11.6275,10.98065396699617,1
712,11.624725,10.9806187005504,1
714,11.62125,10.982122096911803,1
716,11.61375,10.98052206985207,0
718,11.61375,10.980400457968067,0
720,11.61425,10.980510389842667,0
722,11.620000000000001,10.982764780310115,0
724,11.62375,10.98152853588096,1
726,11.6235,10.980796637850961,1
728,11.622824999999999,10.980398337434098,1
730,11.61585,10.986105956767554,1
732,11.615,10.98036828418536,1
734,11.61375,10.980312635146273,1
736,11.612749999999998,10.980430448544471,1
738,11.60875,10.98146608738166,1
740,11.598749999999999,10.9909039917078,0
742,11.605,10.980638224485398,0
744,11.605,10.98074810196368,1
746,11.60475,10.980484380136732,0
748,11.60625,10.980847211376735,1
750,11.605,10.980627308857692,1
752,11.603750000000002,10.98078870304153,0
754,11.603750000000002,10.981452217799367,1
756,11.600625,10.982037885017224,1
758,11.59625,10.980583413805714,1
760,11.595625,10.980738365708136,0
762,11.59625,10.980804160303974,0
764,11.59625,10.981731699000402,0
766,11.603,10.982253694191819,0
768,11.60625,10.98157831554592,1
770,11.603750000000002,10.982054885969424,0
772,11.605,10.981085593673951,1
774,11.604375000000001,10.982400360868995,0
776,11.605,10.9827940248155,0
778,11.61625,10.98724539479415,0
2,11.661750000000001,10.985851710968573,1
4,11.63875,10.981338149808435,1
6,11.58875,10.982270766131213,1
8,11.55375,10.98350876474234,0
10,11.583749999999998,10.981376392300325,0
12,11.58375,10.98204959933311,1
14,11.568750000000001,10.982305620712383,1
16,11.542000000000002,10.981860614671582,1
18,11.522499999999997,10.98171791284671,1
20,11.5125,10.982630141108405,1
22,11.4925,10.982035666601949,0
24,11.497500000000002,10.983658078968517,0
26,11.5025,10.98471599247786,1
28,11.487250000000001,10.981107333076082,0
30,11.48875,10.981296526892207,0
32,11.49375,10.981126544501327,0
34,11.502500000000001,10.981462997318697,0
36,11.502525,10.981520429721272,1
38,11.495000000000001,10.980641865405032,0
40,11.498925,10.981757252153121,0
42,11.5025,10.98071197895108,1
44,11.494225,10.986781586725524,0
46,11.52025,10.982589808618725,0
48,11.524975,10.981472788286899,1
50,11.49375,10.981708749106078,1
52,11.456225,10.983456306928957,1
54,11.436225,10.980862483361173,1
56,11.4275,10.98068972317473,0
58,11.4275,10.980772097675002,0
60,11.432,10.98108978405863,0
62,11.43375,10.980827717248896,0
64,11.446499999999999,10.9803606530932,0
66,11.44875,10.980797327634336,1
68,11.438749999999999,10.980639264799365,0
70,11.444725,10.980733745034309,1
72,11.440025,10.98114495949911,1
74,11.43375,10.980356487769512,1
76,11.41875,10.98258170716449,1
78,11.405,10.980515083836735,1
80,11.403749999999999,10.980764113043016,0
82,11.411200000000001,10.981757654133839,1
84,11.3975,10.983294011037135,1
86,11.39,10.980789940828652,1
88,11.379999999999999,10.982005691252361,1
90,11.368725,10.981389128590052,0
92,11.372125,10.981355262357795,0
94,11.378749999999998,10.980356140767457,0
96,11.39625,10.981285219762835,0
98,11.41125,10.981159432282574,0
100,11.416250000000002,10.980394584176993,0
102,11.421425,10.981038051187381,1
104,11.41835,10.980884740762768,1
106,11.411249999999999,10.98117219274796,1
108,11.400275,10.980502280765807,1
110,11.377875,10.98154986612173,1
112,11.36625,10.98077166749657,1
114,11.35875,10.980866110800658,1
116,11.35125,10.98103728501906,0
118,11.355,10.980325739578372,0
120,11.364325000000001,10.981143993095975,0
122,11.37435,10.980625613718933,0
124,11.379999999999999,10.980691950518153,0
126,11.393,10.98066878104304,0
128,11.4092,10.980556479135547,0
130,11.415,10.980488610874822,0
132,11.41725,10.980287749252454,1
134,11.415000000000001,10.980371877782826,0
136,11.41625,10.98030639873288,0
138,11.420175,10.980836947906498,0
140,11.4262,10.980270708991029,0
142,11.430000000000001,10.980858399666905,0
144,11.44155,10.980483929982064,0
146,11.44625,10.98058158185872,1
148,11.434999999999999,10.981370286194046,1
150,11.422675,10.980268123191175,1
152,11.408750000000001,10.981377973114435,1
154,11.387725000000001,10.980347820251469,1
156,11.3787,10.980593796520935,1
158,11.371224999999999,10.980809546611125,0
160,11.378749999999998,10.980957854503282,0
162,11.38125,10.980912921312019,0
164,11.384675,10.980449578647768,0
166,11.389125,10.980700000506808,0
168,11.3985,10.980846096885404,1
170,11.397499999999999,10.980477958066585,0
172,11.3975,10.980783023964008,0
174,11.407325,10.980695328392398,0
176,11.41125,10.980606032730776,0
178,11.415000000000001,10.980252421120435,0
180,11.41625,10.980239004156351,0
182,11.4175,10.980384397750605,1
184,11.416725,10.980912708446906,0
186,11.41875,10.980626106005953,1
188,11.413749999999999,10.980343450978534,0
190,11.416250000000002,10.98029187223271,1
192,11.413749999999999,10.98023872051051,1
194,11.412499999999998,10.98084119578477,1
196,11.408999999999999,10.980983982918437,0
198,11.41,10.98076214758304,0
200,11.41625,10.980395640909638,0
202,11.42085,10.980485265796196,0
204,11.4275,10.980386288055978,0
206,11.431000000000001,10.980561489949002,0
208,11.445825000000001,10.980775321986767,0
210,11.4505,10.980657110754452,1
212,11.44545,10.980351984258618,0
214,11.447375000000001,10.980486824611969,1
216,11.445425,10.980200846204433,0
218,11.447499999999998,10.980291272744521,1
220,11.4381,10.9812506031916,1
222,11.436225,10.980235773863624,1
224,11.43375,10.98024479079011,0
226,11.434875,10.980191876283332,1
228,11.4325,10.980428403622582,0
230,11.436425,10.980217515068455,1
232,11.43375,10.980262108619087,0
234,11.436250000000001,10.980300644911633,1
236,11.434999999999999,10.980340391741091,1
238,11.4175,10.981207039370526,1
240,11.405,10.980214983726416,0
242,11.407125,10.980229785271833,1
244,11.405,10.98024977341922,0
246,11.405,10.980345720473853,0
248,11.4053,10.98049775808176,0
250,11.40575,10.980315772700836,1
252,11.4025,10.980255705522893,0
254,11.407499999999999,10.980601683755893,0
256,11.413749999999999,10.980355838571212,0
258,11.416224999999999,10.980412232842706,1
260,11.409125,10.981083960399731,1
262,11.400025,10.980839638182134,1
264,11.389325000000001,10.98104598607099,0
266,11.394,10.980207558035817,0
268,11.4007,10.980938202091266,0
270,11.404975,10.980374957785115,0
272,11.407499999999999,10.980285726282716,1
274,11.40625,10.980299963598213,1
276,11.405000000000001,10.980207290250794,0
278,11.407499999999999,10.980218241341431,1
280,11.40625,10.980382631027167,1
282,11.397425,10.980697232537391,1
284,11.393925,10.98031200330268,0
286,11.39625,10.980608534705954,0
288,11.40625,10.980331952928259,1
290,11.403749999999999,10.980315535916892,0
292,11.405,10.980304947058134,0
294,11.407499999999999,10.980260815985602,1
296,11.40625,10.980307325564793,0
298,11.40625,10.980305566706438,0
300,11.407499999999999,10.980283028662722,0
302,11.41105,10.980446258584774,0
304,11.4175,10.980172916970746,1
306,11.414625000000001,10.980255363775203,1
308,11.413049999999998,10.980208733564673,0
310,11.41375,10.980213742739371,1
312,11.413749999999999,10.980204457178766,0
314,11.415625,10.980211175157613,1
316,11.413749999999999,10.980191460694176,0
318,11.415,10.980230814953446,1
320,11.413749999999999,10.98020470023537,0
322,11.41375,10.9802021902908,0
324,11.415000000000001,10.980402346744842,1
326,11.415,10.98019427754072,0
328,11.41625,10.980209068157716,1
330,11.415,10.980279202027504,0
332,11.415,10.98025403254407,1
334,11.414774999999999,10.980312926888518,0
336,11.415,10.980199555822834,1
338,11.414749999999998,10.980336996415176,0
340,11.415,10.9802293973467,1
342,11.408375,10.980806312215254,1
344,11.405,10.980225160264784,0
346,11.40525,10.980425104894005,1
348,11.40475,10.980197507109258,1
350,11.39375,10.981506966481534,1
352,11.380175,10.981032102013103,0
354,11.382375,10.980729935160937,0
356,11.382675,10.980333270007447,0
358,11.383750000000001,10.980308718038968,0
360,11.385,10.98026715471393,1
362,11.383775,10.980385562385303,0
364,11.3905,10.980784587491161,0
366,11.403749999999999,10.98081460819418,0
368,11.4038,10.980229923587792,1
370,11.403775,10.980293778225231,0
372,11.404824999999999,10.98026813783408,1
374,11.3953,10.980637591923136,1
376,11.395,10.98041599992413,0
378,11.396,10.98017144014547,0
380,11.39875,10.98043149818336,0
382,11.404825,10.981216046277712,0
384,11.405225,10.980185169319093,1
386,11.404625,10.980214799173558,1
388,11.404,10.980161676756603,0
390,11.40425,10.980256803231947,1
392,11.402525,10.980288931057528,1
394,11.4025,10.98031044654751,0
396,11.40375,10.980278161192565,0
398,11.40375,10.980283034424636,0
400,11.40375,10.98024210741708,0
402,11.41,10.980958896732119,1
404,11.403375,10.980238413604859,0
406,11.405,10.980318092166694,0
408,11.415000000000001,10.981561064019134,0
410,11.4293,10.981591089625466,0
412,11.4347,10.980685206453035,0
414,11.452499999999999,10.981951795319246,1
416,11.45975,10.980410564385945,1
418,11.4625,10.98034484161758,1
420,11.465600000000002,10.980261609012015,0
422,11.457775,10.98048485112461,0
424,11.45185,10.98022583074659,1
426,11.45255,10.980258211915135,0
428,11.4525,10.980250640330738,0
430,11.448425,10.980418603419123,1
432,11.44375,10.980216017303514,0
434,11.44375,10.980230489760041,0
436,11.4445,10.98024445290192,1
438,11.44375,10.980528684127329,1
440,11.44,10.981482722024717,0
442,11.4402,10.98160351368074,1
444,11.43875,10.98069550813649,1
446,11.43625,10.980224760751987,1
448,11.42625,10.980632708835405,1
450,11.41825,10.980677014871508,1
452,11.414749999999998,10.98048674769268,0
454,11.416525,10.980177539866935,1
456,11.412499999999998,10.980312674187164,0
458,11.41255,10.980214952140408,0
460,11.414575000000001,10.980255235349112,1
462,11.41375,10.980258488405653,1
464,11.413749999999999,10.980335073213553,0
466,11.413749999999999,10.980216713836358,0
468,11.415000000000001,10.980248298009897,1
470,11.414599999999998,10.980190189691056,0
472,11.416250000000002,10.980338280831942,1
474,11.41625,10.980372675758664,1
476,11.413725000000001,10.980358755016503,0
478,11.41625,10.980220512265932,1
480,11.415,10.980276566355741,0
482,11.41625,10.980170905148684,1
484,11.413749999999999,10.98023113225456,0
486,11.415000000000001,10.980276486787794,0
488,11.41625,10.980176887737885,1
490,11.412499999999998,10.980195123877769,0
492,11.41625,10.98027462667878,1
494,11.413749999999999,10.98017591845504,1
496,11.412499999999998,10.980199926634258,0
498,11.41375,10.980187745143722,0
500,11.415,10.980607332011656,0
502,11.41625,10.980271434755146,0
504,11.416250000000002,10.980323287751277,1
506,11.415725000000002,10.980170938560741,1
508,11.40875,10.980748417710366,1
510,11.405,10.98026360218489,0
512,11.405100000000001,10.98018434188624,1
514,11.40375,10.980202417912098,1
516,11.40335,10.980287330017413,0
518,11.405,10.980362665805472,1
520,11.40485,10.980385998307565,0
522,11.405125,10.980268753742601,1
524,11.404625,10.98028173394994,0
526,11.405475,10.980194883638255,1
528,11.4047,10.980220816330888,1
530,11.40225,10.983248609495725,0
532,11.407499999999999,10.980260019316432,1
534,11.406049999999999,10.980251826800673,0
536,11.411249999999999,10.98047902306251,0
538,11.42375,10.980456785394558,0
540,11.434975,10.98056812478577,0
542,11.435025,10.980279989175408,0
544,11.43875,10.980367083877027,0
546,11.445,10.980351718777383,0
548,11.445,10.980951940977532,1
550,11.443774999999999,10.98021405414503,0
552,11.446075,10.98028236426133,0
554,11.4454,10.981158627606614,0
556,11.445825,10.980577661907203,0
558,11.44375,10.980282140946784,0
560,11.44625,10.980290288207987,0
562,11.441275,10.981425105375527,1
564,11.4388,10.980508780861296,0
566,11.439024999999999,10.98044546351731,1
568,11.438749999999999,10.980455343494256,1
570,11.436875,10.98048129225677,1
572,11.435,10.980258507093577,0
574,11.43625,10.980255358456068,0
576,11.4375,10.980358444673081,1
578,11.435524999999998,10.980206600346314,1
580,11.434,10.980247842798486,0
582,11.44125,10.980815081852983,0
584,11.447,10.98026897757151,0
586,11.44625,10.98023147710384,1
588,11.447325,10.980233960680744,0
590,11.443874999999998,10.981144316698419,1
592,11.442499999999999,10.980217077154075,0
594,11.44625,10.980181087765459,0
596,11.445,10.980197055737872,1
598,11.44375,10.980325569724886,0
600,11.44625,10.980332585494143,0
602,11.44375,10.9801905119733,0
604,11.445,10.980247274563292,0
606,11.449175,10.980650871733781,1
608,11.455725000000001,10.980231695455496,1
610,11.456249999999999,10.980261424285098,0
612,11.454999999999998,10.980217524345425,0
614,11.453325,10.980170690160897,1
616,11.454999999999998,10.9802980629397,0
618,11.454999999999998,10.980349193940391,0
620,11.45,10.980814172081896,0
622,11.444125,10.98033715828248,1
624,11.443325,10.98031039388302,0
626,11.44375,10.98026273001956,1
628,11.4437,10.98026719058601,0
630,11.445825,10.980201922571322,0
632,11.44375,10.980251457044032,0
634,11.445,10.980216221424003,0
636,11.445,10.980228451751573,1
638,11.444575,10.980317384930457,0
640,11.44625,10.980231194527352,0
642,11.44285,10.980341891233628,0
644,11.445,10.980223049216674,0
646,11.445,10.980209313663263,1
648,11.44375,10.981069062096081,1
650,11.442499999999999,10.980298847205683,0
652,11.44375,10.980409069848553,0
654,11.445,10.980208744654572,0
656,11.445,10.980234582625751,0
658,11.445,10.980275346432823,0
660,11.451425,10.981517823875274,1
662,11.457500000000001,10.980298208957839,0
664,11.45375,10.98058765142947,0
666,11.447799999999999,10.981028309451379,0
668,11.44625,10.980219086069457,0
670,11.445,10.980194279666714,0
672,11.445,10.980299374960483,0
674,11.445,10.980708313201994,0
676,11.44625,10.980446892575005,0
678,11.442499999999999,10.980234493326304,0
680,11.45,10.981404930275724,1
682,11.457500000000001,10.980356534973481,0
684,11.455000000000002,10.980453810651586,1
686,11.456125,10.980220949347833,1
688,11.456275,10.980264409817128,1
690,11.46,10.980936291112707,1
692,11.466250000000002,10.980285615677502,1
694,11.466650000000001,10.980441968367007,0
696,11.46475,10.980531325386401,1
698,11.464825000000001,10.980363769629562,1
700,11.46625,10.980331608597588,1
702,11.466250000000002,10.980498514092266,1
704,11.47125,10.980589910170618,1
706,11.47625,10.980408774694958,0
708,11.475,10.980349559802143,1
710,11.47875,10.985640253061938,0
712,11.474499999999999,10.980271191992754,1
714,11.4765,10.980349088632941,0
716,11.468750000000002,10.981106894381268,0
718,11.459999999999999,10.981452290398733,1
720,11.463425,10.980234364138262,1
722,11.465,10.9803215773272,0
724,11.465,10.980294309772198,0
726,11.463750000000001,10.980362515651626,0
728,11.463750000000001,10.980301314178952,1
730,11.465,10.98031291170035,0
732,11.463750000000001,10.98059547909751,0
734,11.4625,10.980654386524453,0
736,11.45855,10.980905607586298,0
738,11.45375,10.980408183746908,1
740,11.455000000000002,10.981188306114227,1
742,11.46,10.981035077709697,1
744,11.464500000000001,10.980234236307233,1
746,11.465,10.980556013751828,1
748,11.46625,10.980784823742455,0
750,11.45875,10.98152130072278,0
752,11.454999999999998,10.98040130723004,0
754,11.4525,10.981049579102514,0
756,11.4525,10.980535207798976,1
758,11.45375,10.980644177334069,0
760,11.443750000000001,10.987098789741273,0
762,11.44625,10.980436968720161,1
764,11.44375,10.980505522589882,1
766,11.442499999999999,10.980492514552788,0
768,11.445,10.980722178461805,0
770,11.44625,10.981221314358855,1
772,11.4445,10.982272556959233,0
774,11.445,10.981302735120687,0
776,11.4525,10.982527944983001,1
778,11.463750000000001,10.984702056275095,1
2,11.4975,10.982774795542735,0
4,11.4975,10.980507115583682,0
6,11.4975,10.980487540908667,1
8,11.484224999999999,10.981000247551542,1
10,11.4675,10.981381224857351,1
12,11.45625,10.98407029415225,0
14,11.45875,10.980823613021963,1
16,11.448749999999999,10.980440674716158,1
18,11.439225,10.980516571971439,0
20,11.44125,10.980470086866353,0
22,11.442,10.980227356544653,1
24,11.440000000000001,10.980770245439258,0
26,11.444999999999999,10.98044742515995,1
28,11.436125,10.98041154528405,1
30,11.423750000000002,10.980302979089048,0
32,11.425500000000001,10.980723796170263,0
34,11.432500000000001,10.9808556332748,1
36,11.430575000000001,10.98035549104825,1
38,11.41875,10.981657077332644,1
40,11.408825,10.980369913326024,0
42,11.41125,10.980717165038554,0
44,11.422225000000001,10.980500028833,0
46,11.43275,10.980387642769713,0
48,11.441899999999999,10.980339111857182,1
50,11.435,10.98099086194369,1
52,11.4257,10.980204031496957,0
54,11.426,10.98020991974243,0
56,11.4291,10.980465765722716,0
58,11.443775,10.980929071763297,0
60,11.449749999999998,10.980481441136828,1
62,11.44125,10.980658917261234,0
64,11.452399999999999,10.980340939223284,1
66,11.452775,10.980328816262734,1
68,11.45985,10.981007039322234,1
70,11.46405,10.980797969419472,1
72,11.47,10.980604411914825,0
74,11.461475,10.980604746492808,1
76,11.463424999999999,10.980175278107014,1
78,11.469674999999999,10.981417889316933,1
80,11.4775,10.980307134137643,0
82,11.475774999999999,10.980293225566657,0
84,11.475,10.98022692227515,0
86,11.473749999999999,10.980706445384635,1
88,11.47625,10.980341004212239,0
90,11.47125,10.98057349619237,0
92,11.464750000000002,10.980201115693642,0
94,11.463750000000001,10.980317556087478,0
96,11.461749999999999,10.980530468127935,0
98,11.45375,10.980258081842091,1
100,11.44905,10.98053363196922,1
102,11.44,10.980582213715266,1
104,11.436250000000001,10.984051735314482,1
106,11.435550000000001,10.980859376922078,0
108,11.436250000000001,10.980330742231343,1
110,11.4325,10.980237734162142,0
112,11.43375,10.980235830447477,0
114,11.43375,10.98020143853769,1
116,11.433525,10.980219582964017,1
118,11.432524999999998,10.98020784016738,0
120,11.44665,10.98076684071869,0
122,11.45375,10.980220030870958,0
124,11.4475,10.980640108362765,1
126,11.439,10.980615554170411,1
128,11.434899999999999,10.980396787344919,0
130,11.4375,10.980224051185626,0
132,11.4419,10.9805472739517,0
134,11.447499999999998,10.980222087802186,0
136,11.45,10.981346424221721,0
138,11.455250000000001,10.980241785989428,0
140,11.4525,10.98069029221197,1
142,11.45375,10.980669555781205,1
144,11.45625,10.980315251182592,0
146,11.45375,10.98020890804114,0
148,11.45,10.980619092856115,1
150,11.445475,10.980173728943077,1
152,11.44425,10.980226327240533,1
154,11.44285,10.980290242578528,1
156,11.44275,10.98020641715414,1
158,11.4373,10.98064478740571,1
160,11.43125,10.980227417357966,0
162,11.433925,10.98028868781041,0
164,11.435,10.980158382902529,0
166,11.437475000000001,10.980354803842776,0
168,11.442749999999998,10.980735925029466,0
170,11.445,10.980426663433542,0
172,11.455400000000001,10.981601974087752,0
174,11.454975000000001,10.98030235469881,0
176,11.4525,10.98019267834318,1
178,11.45625,10.98025301647635,0
180,11.454999999999998,10.980348097266981,1
182,11.45625,10.980269047689122,0
184,11.45425,10.980187689004564,1
186,11.454999999999998,10.980253834997892,1
188,11.456,10.980189727689806,1
190,11.45625,10.980568856652276,0
192,11.456249999999999,10.98019034062617,0
194,11.454999999999998,10.980251108497045,0
196,11.452525,10.980205294884627,0
198,11.45,10.980641005250401,0
200,11.45125,10.980541332064243,0
202,11.448125,10.980871036380918,1
204,11.437875,10.980317349290932,1
206,11.431000000000001,10.980576073061389,1
208,11.42625,10.980307541617917,0
210,11.42625,10.980220419522945,0
212,11.42625,10.980182970441321,0
214,11.42625,10.980206299028314,0
216,11.43125,10.98051983474334,0
218,11.435,10.980211525708619,0
220,11.436250000000001,10.980212557043973,1
222,11.435,10.980202679843766,1
224,11.43375,10.980222962630855,0
226,11.434625,10.980236445797111,1
228,11.42875,10.980961411548783,1
230,11.425,10.980241249428454,0
232,11.436250000000001,10.981256406453632,0
234,11.445,10.980247609531725,1
236,11.443175,10.98036296424429,1
238,11.442499999999999,10.98023594769978,0
240,11.442499999999999,10.980256577662988,1
242,11.438725,10.980851387924295,1
244,11.428375,10.980335943180066,1
246,11.423725000000001,10.980294838537178,1
248,11.417475,10.981134685470186,0
250,11.42125,10.98115866653304,0
252,11.426250000000001,10.980234921825279,1
254,11.423750000000002,10.98036245147909,0
256,11.425,10.980349327824408,0
258,11.42625,10.980312499757648,1
260,11.425,10.980338881420655,0
262,11.425,10.980502951247571,0
264,11.436525,10.986659934831643,0
266,11.442599999999999,10.980502108519023,0
268,11.44575,10.980287834615643,1
270,11.44375,10.981516917203992,0
272,11.445925,10.980254428803152,1
274,11.46,10.986594664125196,1
276,11.464750000000002,10.980307969805953,1
278,11.46625,10.980297067472316,0
280,11.45625,10.983141173185615,0
282,11.45375,10.980249875180924,0
284,11.45375,10.98026529155191,0
286,11.452525,10.980317850297547,0
288,11.449074999999999,10.980377202244911,0
290,11.44375,10.980235039726374,1
292,11.442499999999999,10.980183748472701,0
294,11.442499999999999,10.980552154329205,0
296,11.445,10.98029021039041,1
298,11.443724999999999,10.980192969731519,0
300,11.44375,10.980243784107827,0
302,11.448749999999999,10.981989595540476,1
304,11.45,10.9805934435274,0
306,11.44375,10.98051063919559,1
308,11.442499999999999,10.980205515010402,0
310,11.44375,10.980175273201278,0
312,11.44375,10.980240750921313,0
314,11.44375,10.980198292748957,1
316,11.442499999999999,10.98019619505733,0
318,11.44375,10.980217443906803,0
320,11.445,10.98021908763243,0
322,11.445,10.980349906500715,0
324,11.445,10.980223182154571,1
326,11.443775,10.980399911594505,0
328,11.445,10.980401542876344,0
330,11.4452,10.980377380499744,1
332,11.445,10.98031682598156,0
334,11.45,10.980754242116486,1
336,11.463574999999999,10.985782059257117,1
338,11.465,10.980349196598459,1
340,11.466250000000002,10.980215414388015,0
342,11.465,10.980291609463057,0
344,11.465,10.98020509493314,1
346,11.467500000000001,10.98067212870789,1
348,11.477475000000002,10.980587136731922,0
350,11.4725,10.980497094370534,1
352,11.475,10.980220027414813,0
354,11.472525,10.98026097955555,1
356,11.474575,10.980268187682718,0
358,11.47,10.980861814168955,0
360,11.463750000000001,10.980329505940245,0
362,11.463750000000001,10.980188104812168,0
364,11.463750000000001,10.98020222430403,0
366,11.462475,10.980723706987778,0
368,11.455,10.980181409155621,0
370,11.453524999999999,10.980185367721324,1
372,11.454775,10.980421795070885,1
374,11.45625,10.980291377412362,0
376,11.456249999999999,10.980204279097032,0
378,11.454999999999998,10.98038909420452,0
380,11.45375,10.980236278040277,1
382,11.45625,10.980293484498253,0
384,11.45375,10.980221309448208,1
386,11.46,10.981303888846409,1
388,11.465,10.98059001938708,0
390,11.463750000000001,10.980728162736144,1
392,11.46725,10.980272805915446,0
394,11.463750000000001,10.980284031412891,1
396,11.463825,10.980195096921472,0
398,11.463750000000001,10.980243631929776,1
400,11.465,10.980192614327466,0
402,11.4627,10.980289242932074,1
404,11.464000000000002,10.980241846434405,1
406,11.4649,10.98024341398477,1
408,11.465,10.980193496311367,0
410,11.463750000000001,10.980201128855718,1
412,11.466250000000002,10.980313210250838,1
414,11.4725,10.98152932591986,1
416,11.475,10.980226458095183,1
418,11.482500000000002,10.981230840888117,1
420,11.491925,10.980404395898695,0
422,11.490825000000001,10.980537817148772,0
424,11.48375,10.980277319226063,1
426,11.48625,10.980321499070389,0
428,11.4851,10.980262865092936,1
430,11.48625,10.980263746814074,1
432,11.4875,10.980217173456417,0
434,11.484925,10.980267496361112,0
436,11.48375,10.980202777657867,1
438,11.48625,10.980252568742221,1
440,11.4875,10.980264593422001,0
442,11.485,10.980248229766424,0
444,11.485,10.980228895427894,0
446,11.485,10.980315351387922,1
448,11.4875,10.98024910499691,0
450,11.48625,10.980341701722743,0
452,11.48625,10.980230801633601,0
454,11.48625,10.980271694464282,0
456,11.486225000000001,10.980219276227208,0
458,11.486225,10.980357169934127,0
460,11.479975,10.980829072153258,0
462,11.47625,10.98028048912545,1
464,11.4775,10.980301816269366,1
466,11.48375,10.981046531051058,1
468,11.49125,10.980565201926002,1
470,11.495,10.980251618970904,0
472,11.49375,10.980245713279515,1
474,11.49625,10.98021922549393,0
476,11.496,10.980700897484205,0
478,11.492500000000001,10.980283868220953,1
480,11.49375,10.980333562605624,0
482,11.487499999999999,10.981351193152985,0
484,11.48375,10.98029364169009,1
486,11.483775000000001,10.98031235046412,1
488,11.485,10.980396329705115,0
490,11.482500000000002,10.980243645512601,1
492,11.485,10.980422264516209,0
494,11.485,10.980289365168812,0
496,11.485,10.98019218613867,1
498,11.48625,10.980294638792014,0
500,11.485,10.98028918618313,1
502,11.4856,10.980321077064122,0
504,11.48375,10.980293491947522,1
506,11.484825,10.980311444375069,0
508,11.48,10.984254742237324,1
510,11.485,10.98026837678878,1
512,11.4875,10.980233209372653,0
514,11.485025000000002,10.980222755105538,1
516,11.4875,10.980206615779672,1
518,11.49375,10.981184300654649,0
520,11.49375,10.980258432029379,1
522,11.4975,10.980356066634435,0
524,11.4975,10.9803807024526,0
526,11.49625,10.980248525734334,0
528,11.49625,10.980400245731296,0
530,11.49625,10.980242451063695,1
532,11.4975,10.98037455702646,0
534,11.4975,10.980272855338661,0
536,11.49625,10.980251477417704,0
538,11.49625,10.98020896991886,1
540,11.4975,10.980457623259152,0
542,11.495,10.980355509856732,1
544,11.4975,10.980319774064867,0
546,11.4975,10.980577095781696,0
548,11.49625,10.980324928036287,1
550,11.4975,10.981990495688157,0
552,11.495,10.980326716646733,0
554,11.49375,10.980224421915835,1
556,11.50095,10.981425711267418,1
558,11.504999999999999,10.980623369503082,0
560,11.49875,10.981453386262714,0
562,11.492500000000001,10.98025637312794,0
564,11.492500000000001,10.980233862692646,0
566,11.49125,10.980936137111675,0
568,11.48125,10.982510234178571,0
570,11.47625,10.980323634654134,0
572,11.475325,10.980294976644982,0
574,11.475,10.980220180258627,0
576,11.475,10.980290970758302,1
578,11.47505,10.980285247641168,0
580,11.475,10.980345712386526,0
582,11.465000000000002,10.984110765044422,0
584,11.454999999999998,10.9810276483971,1
586,11.454625,10.98025639288487,0
588,11.456249999999999,10.98025392043895,0
590,11.46,10.980958635748177,1
592,11.465525000000001,10.980210848516407,1
594,11.473524999999999,10.980637379692023,1
596,11.475,10.980265797086584,0
598,11.475,10.980188816994028,1
600,11.47585,10.98022909192423,0
602,11.468750000000002,10.981361135436766,0
604,11.463750000000001,10.98022505607916,1
606,11.465,10.980434457196557,0
608,11.46425,10.98025828748962,1
610,11.472325000000001,10.981014238604184,1
612,11.473749999999999,10.980349970740239,0
614,11.467500000000001,10.980571024592308,0
616,11.463750000000001,10.98024686789833,1
618,11.465,10.980251045757807,1
620,11.467500000000001,10.980211769755252,1
622,11.46875,10.980591594028462,1
624,11.4725,10.980248977984452,1
626,11.47375,10.980282887355271,1
628,11.475000000000001,10.980250899948388,1
630,11.4775,10.980373424471772,0
632,11.47625,10.980248986162634,0
634,11.475000000000001,10.980285950943284,0
636,11.475,10.980293924874653,0
638,11.474625,10.980247829496586,1
640,11.475,10.980209277162981,0
642,11.475,10.980225580679454,0
644,11.475,10.980264823592794,0
646,11.47375,10.98039742326469,1
648,11.47625,10.980437711453884,0
650,11.475,10.980212945547866,0
652,11.474375,10.980318984253014,1
654,11.47625,10.980226094071547,0
656,11.475399999999999,10.980501811469166,0
658,11.47375,10.980238388338242,1
660,11.475,10.98019905861274,0
662,11.47125,10.981039492820674,0
664,11.466250000000002,10.980313788346981,0
666,11.46605,10.980601538420162,1
668,11.466250000000002,10.980273907605037,0
670,11.465,10.98029269624407,1
672,11.469999999999999,10.980909461269313,1
674,11.4775,10.980325868052848,0
676,11.4775,10.98055028087075,0
678,11.475,10.980350742304623,1
680,11.47625,10.980582984960654,0
682,11.475,10.98022611279001,0
684,11.47375,10.980250815222547,1
686,11.475,10.980278191817957,1
688,11.47625,10.98043823311245,0
690,11.475,10.980261823849462,1
692,11.476125,10.980296691296017,0
694,11.474025,10.980421970257234,1
696,11.476849999999999,10.98055853011523,0
698,11.47375,10.980307781173037,1
700,11.47625,10.980248980488108,0
702,11.475,10.98025018110482,1
704,11.47625,10.980283314663936,0
706,11.47625,10.980283133104198,0
708,11.47625,10.98036454930932,0
710,11.47625,10.980399774861496,0
712,11.47625,10.980326221445317,0
714,11.475,10.98042519462757,1
716,11.4775,10.98036850604842,0
718,11.4775,10.980821519120608,0
720,11.47625,10.98041712774521,0
722,11.47625,10.98043632791933,0
724,11.47625,10.980431644257337,0
726,11.47625,10.98063438394853,0
728,11.475,10.980434742091994,0
730,11.475,10.98029017846056,0
732,11.475,10.980356660389981,1
734,11.47625,10.980414530560818,1
736,11.4775,10.98054156462596,0
738,11.475,10.980421410607502,0
740,11.474975,10.98045150666988,1
742,11.4775,10.980640459577238,0
744,11.47,10.983550521605066,0
746,11.466250000000002,10.982065263021855,0
748,11.466250000000002,10.980412972613697,0
750,11.463750000000001,10.980456659792731,0
752,11.463750000000001,10.98063138508883,1
754,11.469999999999999,10.993478934773389,0
756,11.465,10.980425862106582,1
758,11.466250000000002,10.981109631977455,0
760,11.466000000000001,10.98082316141967,1
762,11.466250000000002,10.980976874950633,0
764,11.465,10.980615215923223,0
766,11.465,10.980566083018887,1
768,11.46625,10.981228572201415,1
770,11.4725,10.98929541557396,0
772,11.4725,10.981073796307571,1
774,11.475,10.980993079411695,0
776,11.4725,10.98168293365332,1
778,11.475625,10.981707389741628,1
780,11.4775,10.986424701789602,1
2,11.492500000000001,10.980318842260948,1
4,11.49025,10.980221449180176,0
6,11.495000000000001,10.98147729152727,0
8,11.493100000000002,10.98033975406389,1
10,11.482475,10.980648799733475,1
12,11.47375,10.980370111950275,1
14,11.467475,10.980356504452706,1
16,11.464975,10.981405724404448,1
18,11.464900000000002,10.980328145462659,0
20,11.468225,10.98049403404543,1
22,11.460799999999999,10.980721357373477,1
24,11.458750000000002,10.980394409195084,1
26,11.444975,10.981342013706238,0
28,11.455875,10.980657310600318,0
30,11.46645,10.980618242601606,1
32,11.461250000000001,10.981092315142263,1
34,11.457825000000001,10.980321236146473,1
36,11.448749999999999,10.980413204996736,1
38,11.444999999999999,10.98066118741494,0
40,11.445,10.98018376007701,0
42,11.449,10.98075122239218,0
44,11.45975,10.980370509435373,0
46,11.46075,10.980564582144691,1
48,11.453825,10.98023502120597,0
50,11.4585,10.980471359900644,0
52,11.471250000000001,10.980604443983088,1
54,11.482500000000002,10.980511457922882,0
56,11.48125,10.980387088551657,0
58,11.47,10.980444049421115,0
60,11.458750000000002,10.980805486849357,1
62,11.45375,10.980229408749613,0
64,11.458749999999998,10.980575669373227,0
66,11.466875000000002,10.98037919337819,1
68,11.472000000000001,10.980543536054066,1
70,11.4765,10.980252150411255,0
72,11.47625,10.982436877197898,1
74,11.476875,10.98020871029158,0
76,11.4729,10.980238989328104,0
78,11.4725,10.980299544676168,0
80,11.465,10.980439283834865,0
82,11.468525000000001,10.980509100026168,1
84,11.473749999999999,10.980281250258829,1
86,11.474,10.98028261903291,0
88,11.469575,10.980601397460497,0
90,11.466250000000002,10.98033719452685,1
92,11.465,10.98028607567599,0
94,11.469999999999999,10.98051342232732,1
96,11.475,10.980223146542102,0
98,11.473749999999999,10.980183953356333,0
100,11.469000000000001,10.980490295833352,0
102,11.4625,10.980214078897822,0
104,11.46255,10.980217690949205,1
106,11.4625,10.980169290818264,0
108,11.463375,10.980395891325367,0
110,11.463750000000001,10.98029665763208,0
112,11.467625000000002,10.98216306212898,0
114,11.465250000000001,10.980585999921589,0
116,11.46725,10.980221313372232,0
118,11.465000000000002,10.980214879278618,0
120,11.467324999999999,10.980293971778181,1
122,11.469999999999999,10.980337822023461,1
124,11.4752,10.980275136699296,1
126,11.4775,10.98024863701812,1
128,11.478750000000002,10.98177032781305,0
130,11.476424999999999,10.980188315074138,1
132,11.481250000000001,10.980431383757578,1
134,11.48625,10.982779105013659,1
136,11.490025,10.980482654812866,1
138,11.495375,10.98021944376156,1
140,11.497250000000001,10.9802647380065,1
142,11.49745,10.980222244175353,0
144,11.495,10.98024211979718,1
146,11.49525,10.980410643853446,0
148,11.495,10.980584516278565,0
150,11.495,10.980223962620451,0
152,11.495,10.980221147348288,0
154,11.493775,10.980283011491517,1
156,11.50125,10.981547220381918,1
158,11.507475000000001,10.982012042401758,0
160,11.50275,10.980274812368554,0
162,11.50275,10.980538756755942,1
164,11.505,10.980185816616741,0
166,11.504999999999999,10.980241266598329,1
168,11.51225,10.981328576116976,1
170,11.517499999999998,10.980364288224058,0
172,11.513824999999999,10.980244903668972,1
174,11.526250000000001,10.982466628063536,1
176,11.535,10.98034626538586,1
178,11.536275,10.980276555399419,1
180,11.5375,10.980282769494412,0
182,11.5375,10.980370502744465,0
184,11.534799999999999,10.980565380399934,1
186,11.536349999999999,10.980248779474785,0
188,11.53375,10.980219446392988,1
190,11.536249999999999,10.98018089615537,0
192,11.535,10.980204440237602,0
194,11.533750000000001,10.98030591255809,0
196,11.530999999999999,10.980849623630142,0
198,11.522499999999999,10.982022685066699,0
200,11.518749999999999,10.980680128049457,0
202,11.5125,10.9803101630953,1
204,11.51405,10.980204561306575,0
206,11.51375,10.98022541621909,1
208,11.518749999999999,10.980850659713624,1
210,11.522749999999998,10.98031923811188,0
212,11.5164,10.980532752434591,0
214,11.51375,10.980294329680726,0
216,11.51375,10.980262820048424,1
218,11.515,10.980223725086258,0
220,11.51375,10.980245852250999,0
222,11.5125,10.98024899659182,1
224,11.51375,10.980230085880505,0
226,11.50875,10.980518470602497,0
228,11.50375,10.980201450411402,0
230,11.50375,10.980386790613714,0
232,11.50365,10.983227259196294,0
234,11.495,10.980259798697595,1
236,11.496224999999999,10.980201113745329,0
238,11.49375,10.980492462011092,0
240,11.49375,10.980211108041269,0
242,11.492500000000001,10.98028540931208,0
244,11.483749999999999,10.98071598144191,1
246,11.472475,10.981267852090863,0
248,11.47625,10.980196338004747,1
250,11.475,10.980272566158408,1
252,11.473749999999999,10.980411596870724,0
254,11.473749999999999,10.980153788721722,0
256,11.477050000000002,10.980156814283536,1
258,11.475875,10.980568997146253,0
260,11.475875,10.980202981900485,1
262,11.475000000000001,10.980285764183828,0
264,11.47625,10.98027921819001,0
266,11.477475000000002,10.980200529822696,1
268,11.47625,10.980316089692375,0
270,11.47625,10.980242097193381,0
272,11.48125,10.980860045800714,0
274,11.48625,10.980265523914124,0
276,11.48625,10.98020739990302,0
278,11.488750000000001,10.980196487926989,0
280,11.4875,10.980221038884013,0
282,11.487475,10.980226234503316,0
284,11.485425000000001,10.980189993482847,0
286,11.48625,10.980194766005814,0
288,11.4875,10.980211044369383,0
290,11.48375,10.980261260666921,0
292,11.486300000000002,10.980215340145111,0
294,11.48625,10.980169837974385,1
296,11.485,10.980188610798283,0
298,11.4875,10.980257420930593,0
300,11.48625,10.980231120048952,1
302,11.485,10.980243881401822,0
304,11.48625,10.980236816721343,1
306,11.47875,10.981790120995049,1
308,11.47435,10.98016430442421,0
310,11.474625,10.980262494956435,1
312,11.47375,10.980170546052193,1
314,11.473749999999999,10.980212996252222,0
316,11.47625,10.98018676853954,1
318,11.47275,10.980291754032812,0
320,11.478750000000002,10.98121662544326,1
322,11.47625,10.980178725589575,1
324,11.475,10.980162375918734,0
326,11.4775,10.98018404894971,1
328,11.474599999999999,10.98055091174,0
330,11.475,10.980298820028104,1
332,11.4725,10.980185473353783,0
334,11.4725,10.980200417425225,1
336,11.46875,10.980749944320426,0
338,11.469999999999999,10.980512364500353,1
340,11.46875,10.980544682355283,1
342,11.467500000000001,10.983772457161521,1
344,11.464725000000001,10.980173508309312,1
346,11.4625,10.980178656386693,0
348,11.465,10.980177087557054,0
350,11.465,10.980159052178324,0
352,11.465,10.980191748981651,0
354,11.465,10.980270549346313,0
356,11.466250000000002,10.98024365635973,1
358,11.465,10.980165121446646,0
360,11.46625,10.980261804222959,0
362,11.466250000000002,10.980233391986543,1
364,11.46625,10.980192124386306,1
366,11.463750000000001,10.980303598176873,0
368,11.467500000000001,10.980216620173096,1
370,11.466225000000001,10.980217778913241,1
372,11.465,10.980273604784799,0
374,11.469999999999999,10.980614068479184,0
376,11.47625,10.980768375755927,1
378,11.475,10.980206729641475,1
380,11.473749999999999,10.980230093990425,0
382,11.47375,10.980400820039062,0
384,11.47625,10.980193153899837,1
386,11.475,10.980185159574715,0
388,11.47625,10.980189873264147,1
390,11.475,10.980178676864295,1
392,11.474725,10.980248509058097,0
394,11.4775,10.980199446465809,1
396,11.47625,10.980326056935278,1
398,11.47375,10.980193497286576,1
400,11.473749999999999,10.980296028894504,1
402,11.460249999999998,10.983325980962356,1
404,11.454999999999998,10.980540437061288,0
406,11.457500000000001,10.980630398965793,1
408,11.456500000000002,10.980450574193652,0
410,11.459999999999999,10.980238027297439,0
412,11.4625,10.98016656441473,0
414,11.467450000000001,10.980371028215282,1
416,11.46625,10.980342146720917,1
418,11.465000000000002,10.98019668030202,1
420,11.463750000000001,10.980207214616865,1
422,11.461975,10.980304518200663,0
424,11.464,10.980352356394711,0
426,11.465,10.980165043778724,1
428,11.463750000000001,10.980217880926865,0
430,11.466250000000002,10.980171451805925,1
432,11.465,10.980236460018507,0
434,11.465,10.980350637903149,0
436,11.465,10.980176349747213,0
438,11.467250000000002,10.980197262702227,1
440,11.465,10.980168322452919,1
442,11.463750000000001,10.980244174026673,1
444,11.459999999999999,10.980900194897051,1
446,11.4557,10.980191546841569,1
448,11.453925000000002,10.980190605250646,1
450,11.45375,10.98025379166263,0
452,11.461250000000001,10.981075342808557,0
454,11.465500000000002,10.980184874591526,1
456,11.463750000000001,10.980174277755182,0
458,11.463750000000001,10.980227595268627,0
460,11.465,10.980244851085265,0
462,11.46625,10.980201795457901,1
464,11.464125000000001,10.980180860966845,0
466,11.465,10.980204717750919,0
468,11.465,10.980186939599578,0
470,11.465,10.980281168354296,1
472,11.4625,10.980214542407644,0
474,11.463750000000001,10.980191667959216,1
476,11.4625,10.980199522028862,0
478,11.465,10.980167734402942,0
480,11.465,10.980181331306895,1
482,11.463750000000001,10.980221692580159,0
484,11.465,10.980191233100946,0
486,11.466250000000002,10.980258896430422,1
488,11.465,10.980252726111692,0
490,11.466000000000001,10.980247661546468,1
492,11.465,10.980288304731669,0
494,11.465,10.980201783475065,1
496,11.464,10.980207308633451,0
498,11.466250000000002,10.9802996913027,1
500,11.465000000000002,10.980185741399579,1
502,11.465,10.980262264533444,1
504,11.4625,10.98055835903617,0
506,11.463750000000001,10.980217134079194,0
508,11.465,10.980300015254578,0
510,11.466250000000002,10.980303182287335,1
512,11.465250000000001,10.980271541557816,1
514,11.463750000000001,10.980479583597715,0
516,11.467500000000001,10.98030015485984,1
518,11.465375000000002,10.98050736911505,1
520,11.465,10.980211002195766,0
522,11.46625,10.980260447628094,0
524,11.471250000000001,10.980997584556565,0
526,11.47625,10.98021787078923,0
528,11.476600000000001,10.980313573774147,1
530,11.47625,10.980273362724747,1
532,11.47375,10.980229941538944,0
534,11.47525,10.980249249559208,0
536,11.47525,10.980313352939103,0
538,11.48625,10.982318169208462,0
540,11.485000000000001,10.98772515772812,0
542,11.485,10.980257763567897,1
544,11.48535,10.980231493549354,0
546,11.477450000000001,10.980410324243328,1
548,11.475,10.980273952776516,1
550,11.474025000000001,10.980561494777943,1
552,11.4725,10.980217962736385,0
554,11.4775,10.982947276149318,1
556,11.473749999999999,10.981299994323027,1
558,11.4704,10.981965406817668,0
560,11.481250000000001,10.981303448557686,1
562,11.48375,10.98023365690476,1
564,11.4905,10.980689446190356,1
566,11.49625,10.980362034957881,0
568,11.4896,10.981074650671497,0
570,11.485,10.980193710985723,1
572,11.48525,10.98018533307257,1
574,11.4873,10.980189249733828,0
576,11.485524999999999,10.98102792985573,1
578,11.4875,10.980176426176921,0
580,11.485000000000001,10.980285219596874,1
582,11.48555,10.980220761890658,0
584,11.484975000000002,10.980223248581375,1
586,11.4864,10.98017637711015,1
588,11.4875,10.980203591757215,0
590,11.48515,10.980242470391895,1
592,11.486225,10.98024002441154,0
594,11.485,10.980201086725703,0
596,11.485,10.980197650131307,1
598,11.485850000000001,10.9801807787849,0
600,11.48,10.98096499469016,1
602,11.472299999999999,10.980150065449271,0
604,11.476975,10.98030742696311,1
606,11.473749999999999,10.980209060442636,0
608,11.47585,10.980188908190136,0
610,11.477174999999999,10.980193949500142,1
612,11.47625,10.980172521498684,1
614,11.475000000000001,10.980384625105206,0
616,11.475750000000001,10.980791951000858,1
618,11.475000000000001,10.980387459305081,1
620,11.475,10.980208784644203,0
622,11.475,10.980307466952635,0
624,11.4752,10.980276705043796,1
626,11.475,10.98049151021844,0
628,11.475,10.980194529480412,0
630,11.475950000000001,10.980200468458289,0
632,11.47625,10.98019158169749,0
634,11.4775,10.98021103664993,1
636,11.47625,10.980244236539574,0
638,11.47725,10.98023079791407,1
640,11.47625,10.980203387161104,1
642,11.475,10.98020699571717,0
644,11.475375,10.980292240601631,1
646,11.473775,10.980309590757463,0
648,11.475,10.980410578600653,1
650,11.4725,10.980997742916784,1
652,11.4666,10.980196719825148,1
654,11.46625,10.980389012488647,1
656,11.459750000000001,10.981694643330453,1
658,11.45625,10.982078774197781,0
660,11.45625,10.980279932397757,0
662,11.457500000000001,10.980340276515363,1
664,11.456999999999999,10.980256806152576,1
666,11.456875,10.980203997110367,1
668,11.454999999999998,10.980214563845413,1
670,11.45375,10.980220973551463,0
672,11.45625,10.980257057053636,1
674,11.454999999999998,10.98028911917665,0
676,11.457500000000001,10.980210796948779,1
678,11.456249999999999,10.980233863642448,1
680,11.45375,10.980218427221935,0
682,11.45625,10.980236477711173,0
684,11.457500000000001,10.980298050651477,1
686,11.454999999999998,10.980597937227902,0
688,11.457500000000001,10.98031509254714,1
690,11.45625,10.980279779939043,1
692,11.456249999999999,10.980293598835711,1
694,11.454999999999998,10.980238621592031,0
696,11.456249999999999,10.980826766160153,0
698,11.456249999999999,10.98024618763589,1
700,11.447875,10.981541914221015,1
702,11.44375,10.980303575380754,0
704,11.444999999999999,10.980301299261642,1
706,11.44375,10.980340825120079,0
708,11.444999999999999,10.980306030210555,1
710,11.442499999999999,10.980235202003977,0
712,11.44625,10.980369067130287,0
714,11.4525,10.98427369301214,1
716,11.443750000000001,10.984265465589498,1
718,11.433,10.982788000903872,0
720,11.4375,10.981049100992161,0
722,11.445,10.980465693731755,0
724,11.445,10.980370898281825,0
726,11.447499999999998,10.980695863696846,1
728,11.445,10.98036087029289,1
730,11.44375,10.980252411503471,0
732,11.445,10.980535455935787,0
734,11.445,10.980437113592785,0
736,11.445,10.980310878004344,0
738,11.447499999999998,10.980330749706882,1
740,11.445,10.980461173204127,0
742,11.447499999999998,10.980419838268364,1
744,11.44375,10.980538990346298,0
746,11.44625,10.980348732760026,1
748,11.445,10.980533252121228,0
750,11.44625,10.980383187176459,1
752,11.44375,10.980462281169098,1
754,11.442499999999999,10.981204285789598,1
756,11.438749999999999,10.981363255758783,1
758,11.43375,10.98039453744879,0
760,11.43375,10.980767286421345,1
762,11.4325,10.980742884666018,1
764,11.42915,10.981829348548777,1
766,11.422500000000001,10.984158908645586,1
768,11.42,10.988111107382275,0
770,11.425,10.981049240934544,0
772,11.425,10.980993299164444,1
774,11.423750000000002,10.98096155901198,0
776,11.423750000000002,10.980985873964602,0
778,11.4275,10.982825923257415,1
2,11.31875,10.984302233371475,0
4,11.336475,10.981169792392045,0
6,11.33375,10.982592030309974,0
8,11.2945,10.98256565486342,1
10,11.27375,10.982754135939807,1
12,11.2365,10.982359821915052,1
14,11.178925000000001,10.982753012811141,1
16,11.131225,10.981679589544108,1
18,11.118425,10.98105875367843,1
20,11.09595,10.98126131429245,1
22,11.056250000000002,10.981226026213237,1
24,11.056249999999999,10.980770757702095,1
26,11.03875,10.981649350215324,1
28,11.007850000000001,10.98029760363391,0
30,11.024,10.98033285068475,1
32,11.016300000000001,10.980480917912313,1
34,10.979000000000001,10.980124052167122,1
36,10.94655,10.979667956641183,1
38,10.931249999999999,10.979835405591498,0
40,10.95025,10.979947615341105,1
42,10.945,10.979955086892446,0
44,10.951249999999998,10.98003836060251,0
46,10.966849999999999,10.980089700710712,0
48,10.969000000000001,10.980072671870337,1
50,10.955000000000002,10.980059038318165,0
52,10.961425,10.980012744408278,1
54,10.958475,10.980068621550373,1
56,10.932300000000001,10.979369548005254,1
58,10.92625,10.979910272827931,1
60,10.922500000000001,10.979912959359332,0
62,10.924999999999999,10.97984442889277,0
64,10.9425,10.980039849673812,0
66,10.964,10.980080189044436,0
68,10.9726,10.980108347433879,1
70,10.972475,10.98011149850232,1
72,10.96125,10.980088505702037,1
74,10.94375,10.979965777106832,1
76,10.923775000000001,10.97981313237502,1
78,10.91,10.979708944085012,0
80,10.912500000000001,10.979550578870668,0
82,10.915000000000001,10.979938682888239,0
84,10.91625,10.979956285831424,1
86,10.91375,10.98001011696569,0
88,10.916250000000002,10.979985919621111,0
90,10.922374999999999,10.97993220540619,0
92,10.93125,10.979954029140508,0
94,10.94125,10.979886103272468,0
96,10.94375,10.980070854037589,0
98,10.945,10.98007317685888,0
100,10.94875,10.980021257013451,0
102,10.97025,10.980076246229897,0
104,10.983225000000001,10.98015920672856,1
106,10.967500000000001,10.980084091700968,0
108,10.97625,10.980109497919154,0
110,10.978,10.98012445198341,1
112,10.96625,10.980061739671342,1
114,10.95,10.97993170140061,0
116,10.9525,10.980088435680404,1
118,10.949125,10.979992981497121,1
120,10.937775,10.979984702272729,0
122,10.95625,10.979704609017478,0
124,10.9925,10.98020870114605,1
126,10.98695,10.9801620659263,1
128,10.9725,10.980093053322957,0
130,10.99925,10.980238395693787,0
132,11.003725,10.980288642096848,1
134,10.982275,10.980137185372111,1
136,10.97,10.980117478558345,1
138,10.963750000000001,10.980110274506083,0
140,10.963750000000001,10.980116091449084,0
142,10.9646,10.980119182979523,0
144,10.970200000000002,10.980094668429585,0
146,10.975,10.980128194044994,0
148,10.985,10.980149867917493,0
150,10.996425,10.980221237816084,0
152,11.00125,10.98021438543223,0
154,11.004775,10.980163462660402,1
156,10.9975,10.980240549378008,1
158,10.988750000000001,10.980145963464876,0
160,10.99005,10.980154302419848,0
162,10.992499999999998,10.980170338204685,1
164,10.991224999999998,10.980158753140781,1
166,10.98375,10.980137114239687,0
168,10.984850000000002,10.980136994166351,0
170,10.985,10.980135717812791,0
172,10.989774999999998,10.980164139436345,0
174,10.995,10.980145693708716,0
176,10.99625,10.98014160135174,0
178,10.99625,10.980153647801156,0
180,10.99625,10.980171934992335,1
182,10.995,10.98015255624004,1
184,10.990175,10.980162507166256,1
186,10.987874999999999,10.980147877535945,0
188,10.995000000000001,10.980145314469429,1
190,10.99025,10.980153826532113,1
192,10.98825,10.980149570120437,1
194,10.98625,10.980141062346886,0
196,10.991249999999999,10.98015641179974,1
198,10.98875,10.980150195110516,1
200,10.983875,10.980137690066167,1
202,10.98375,10.980134840773534,0
204,10.98735,10.980139109464487,1
206,10.979,10.980129101161154,1
208,10.968225,10.98010483153599,1
210,10.965,10.980115636035661,0
212,10.965575,10.98011720352912,0
214,10.96875,10.980098640381033,0
216,10.975,10.980126706969452,0
218,10.98,10.98013222201749,0
220,10.985,10.980136672213833,1
222,10.98375,10.980138960298424,1
224,10.97875,10.980128267740072,1
226,10.97,10.980113271325381,1
228,10.965025,10.980113005920636,0
230,10.968725,10.980089683244193,1
232,10.965,10.980121793830426,0
234,10.966250000000002,10.980118362699994,0
236,10.967500000000001,10.980122460341736,1
238,10.965,10.980124521456196,0
240,10.965375,10.980109588365448,1
242,10.965,10.980117930038153,1
244,10.96,10.980034988391619,1
246,10.95125,10.979982978572686,1
248,10.945,10.980042594460294,0
250,10.95,10.979978193679164,0
252,10.95625,10.98010889983642,0
254,10.96,10.980074030798871,0
256,10.966625,10.980119193665534,0
258,10.974499999999999,10.980126556320604,1
260,10.96375,10.980069900967441,1
262,10.9525,10.980076313429308,0
264,10.9525,10.980099583397863,1
266,10.947700000000001,10.979829419773978,1
268,10.94375,10.980101685042538,1
270,10.938749999999999,10.979992029028573,1
272,10.935,10.98008289055111,1
274,10.93375,10.980102197757788,0
276,10.936,10.980093639989546,1
278,10.934,10.980074011740133,0
280,10.935425,10.980080453570947,1
282,10.9352,10.980029201042639,0
284,10.9401,10.97966675870993,1
286,10.93585,10.97997549319789,0
288,10.935875,10.980088760210151,1
290,10.932450000000001,10.979940952613822,1
292,10.925,10.980051070827455,0
294,10.92625,10.98006554685078,0
296,10.926874999999999,10.979881831253458,1
298,10.92625,10.980098109362174,0
300,10.930625,10.980052854883866,0
302,10.935,10.980103116460956,0
304,10.936250000000001,10.9800933368518,0
306,10.936250000000001,10.98009939795908,0
308,10.949575,10.979959326585043,0
310,10.955175,10.980117606677101,0
312,10.955575,10.980113160126423,1
314,10.954999999999998,10.98012150202591,0
316,10.958075,10.980055071368032,1
318,10.957500000000001,10.980060802219896,1
320,10.954,10.980100645215444,0
322,10.95455,10.98011122305088,1
324,10.95375,10.980103989462114,0
326,10.95375,10.980106710332045,0
328,10.954999999999998,10.980116302418256,0
330,10.956249999999999,10.980115761851025,0
332,10.9591,10.980059231253595,0
334,10.9725,10.980117004320112,1
336,10.9715,10.980104145115968,0
338,10.975399999999999,10.980123600256794,1
340,10.975,10.98012483412691,1
342,10.974925,10.980127183973208,0
344,10.97625,10.980127889324455,1
346,10.975999999999999,10.980129344545047,1
348,10.9755,10.980130324610645,1
350,10.972500000000002,10.98011229566075,1
352,10.971250000000001,10.980123050861446,0
354,10.97625,10.98013009857355,1
356,10.9755,10.980130744477993,1
358,10.974,10.980126278847369,0
360,10.975125,10.980127768344484,1
362,10.97375,10.980126938966489,0
364,10.975249999999999,10.980126801401752,0
366,10.975325,10.98012981289548,1
368,10.974699999999999,10.980128377713708,0
370,10.979925,10.980131458010465,0
372,10.983775,10.980134053705676,0
374,10.985,10.980138486994694,0
376,10.985050000000001,10.98013679014392,0
378,10.98625,10.980135025455521,0
380,10.991225,10.980182722467804,0
382,10.995,10.980148345804407,0
384,10.99695,10.980185637470411,1
386,10.996825000000001,10.980159788032383,1
388,10.98875,10.980168934247986,1
390,10.9775,10.980122022116445,1
392,10.97625,10.980123191069273,1
394,10.975624999999999,10.980131002803619,1
396,10.975425,10.980126702898803,0
398,10.981250000000001,10.980134831388751,0
400,10.987475,10.980137085809888,1
402,10.98375,10.980133738563534,1
404,10.982500000000002,10.980133652238042,0
406,10.985000000000001,10.98013566090729,0
408,10.98625,10.980140195566335,1
410,10.98085,10.980134206639276,1
412,10.975275,10.980128842871379,1
414,10.974725,10.980128338242611,0
416,10.9755,10.980127587885104,0
418,10.975549999999998,10.980130772634858,1
420,10.97375,10.980125372001794,0
422,10.97375,10.980126220007502,0
424,10.975,10.980130392737802,1
426,10.97375,10.980126528946082,0
428,10.975,10.98012853819588,1
430,10.97,10.980113587370269,1
432,10.965,10.980125119309706,1
434,10.96275,10.980119369750721,0
436,10.963750000000001,10.980088672373554,0
438,10.965125,10.980121226028848,1
440,10.96415,10.980124235401183,0
442,10.966000000000001,10.98012243506771,1
444,10.963750000000001,10.980120786059341,0
446,10.963750000000001,10.980125301301115,0
448,10.963750000000001,10.980113222858753,1
450,10.9625,10.980125465889321,0
452,10.963750000000001,10.980125504342327,0
454,10.96475,10.980117868257128,0
456,10.966750000000001,10.980125338329058,1
458,10.965325,10.980126324394321,1
460,10.965050000000002,10.980126837876782,0
462,10.965575000000001,10.980125170261806,1
464,10.965,10.98012540579793,0
466,10.966250000000002,10.980124860581446,1
468,10.965,10.980126394577065,0
470,10.965,10.980126300105441,0
472,10.968525,10.980097780381602,0
474,10.97,10.980117941581561,1
476,10.96425,10.98011972531999,1
478,10.960625,10.98008716632973,1
480,10.955775000000001,10.980121379239518,0
482,10.95625,10.980112498825763,1
484,10.955,10.98011170962803,1
486,10.953999999999999,10.980111122883123,0
488,10.957500000000001,10.980120108977658,1
490,10.95625,10.980105211133106,0
492,10.958749999999998,10.980099845789029,0
494,10.96395,10.980126378684698,1
496,10.9625,10.980120881598593,1
498,10.95875,10.980092637624212,1
500,10.954999999999998,10.980124045874588,0
502,10.954999999999998,10.98011460559253,0
504,10.955300000000001,10.98011281591439,1
506,10.95375,10.980114070431693,0
508,10.956100000000001,10.980116976865183,0
510,10.961250000000001,10.980093623013703,0
512,10.963750000000001,10.98012175170313,0
514,10.965,10.980127035665681,0
516,10.96625,10.980127277803879,1
518,10.965175,10.980126939906492,1
520,10.960799999999999,10.980049348989375,1
522,10.954999999999998,10.980117210664616,1
524,10.953925000000002,10.98011283647587,1
526,10.95375,10.980124439409401,0
528,10.955749999999998,10.98006785289566,1
530,10.950175,10.97991461982052,1
532,10.938749999999999,10.97994334321353,1
534,10.9327,10.98001075053137,1
536,10.929,10.979911635955363,1
538,10.925,10.980062595867908,1
540,10.923750000000002,10.980086901074852,0
542,10.926,10.98009515395909,1
544,10.925,10.980071033509516,0
546,10.9275,10.980098321880815,0
548,10.9275,10.980078342655254,0
550,10.931249999999999,10.980026392424273,0
552,10.93625,10.980115109489944,0
554,10.936250000000001,10.980102174395459,1
556,10.934750000000001,10.980071009277912,0
558,10.9375,10.980109009163945,1
560,10.93625,10.980079419694054,1
562,10.935,10.980090730055698,0
564,10.935,10.980102672885337,0
566,10.936325,10.980097427287365,1
568,10.935,10.980095640798602,0
570,10.936250000000001,10.980109891294996,1
572,10.935,10.980099558301815,0
574,10.93875,10.980045454611508,0
576,10.94375,10.980105912903289,0
578,10.94625,10.980113667888304,1
580,10.945,10.980102645526353,1
582,10.94,10.980009976229443,1
584,10.935,10.98011435008432,0
586,10.936250000000001,10.980110483240063,1
588,10.933825,10.980105494658725,0
590,10.935075,10.980087543891564,0
592,10.936250000000001,10.980069470684406,0
594,10.936250000000001,10.980076613580932,1
596,10.931424999999999,10.979874008299142,1
598,10.92625,10.980073668097262,1
600,10.925,10.980089678370712,0
602,10.92625,10.980049869851186,1
604,10.925,10.979910149141105,0
606,10.925,10.980028786290037,0
608,10.927500000000002,10.979871858162513,1
610,10.92525,10.980098978602097,1
612,10.925,10.98005055376711,1
614,10.920174999999999,10.979610891683532,1
616,10.91,10.979653869028086,0
618,10.911249999999999,10.979822243825561,0
620,10.913749999999999,10.980086477026273,0
622,10.916575000000002,10.980011868416803,1
624,10.915000000000001,10.980050396269224,0
626,10.916250000000002,10.980075240575138,1
628,10.915500000000002,10.980071507752415,1
630,10.915000000000001,10.980059707824571,0
632,10.916250000000002,10.980099921739752,1
634,10.91625,10.98004256248714,0
636,10.92375,10.979996965427215,0
638,10.925625,10.980092085489883,1
640,10.921199999999999,10.979941872593795,1
642,10.915000000000001,10.980092939742176,1
644,10.91375,10.980068665068606,0
646,10.91375,10.980092043186358,0
648,10.915125000000002,10.980104306525517,1
650,10.912899999999999,10.980003419422957,0
652,10.916250000000002,10.980102052032581,1
654,10.915000000000001,10.980085171874741,0
656,10.91625,10.980097043842754,0
658,10.916250000000002,10.980086242177228,1
660,10.914174999999998,10.980092372559312,0
662,10.915750000000001,10.980076858906179,1
664,10.915000000000001,10.980023506399405,0
666,10.92025,10.979845251978539,0
668,10.925,10.980104739361805,0
670,10.92625,10.98011173871637,1
672,10.924125,10.980092896708367,1
674,10.922500000000001,10.979722318270094,1
676,10.916250000000002,10.980020603363409,1
678,10.913749999999999,10.980072506946357,0
680,10.915000000000001,10.980097631431704,1
682,10.913749999999999,10.980077547479551,0
684,10.915000000000001,10.980097574847479,0
686,10.91625,10.980063030421036,0
688,10.91625,10.98004248886158,0
690,10.918750000000001,10.979898968116563,0
692,10.923750000000002,10.980001393063564,1
694,10.922500000000001,10.98003463542607,0
696,10.92595,10.980037268674195,1
698,10.923750000000002,10.98006808704781,0
700,10.923750000000002,10.980062368122656,0
702,10.925,10.980099211904438,1
704,10.923750000000002,10.980090744373014,1
706,10.92375,10.980092048353269,0
708,10.925,10.980087975131353,0
710,10.92625,10.980059851998597,1
712,10.923750000000002,10.980078552115284,0
714,10.923750000000002,10.980097544545998,0
716,10.925,10.980080238182417,0
718,10.925,10.980093899129173,0
720,10.9299,10.979916166602052,0
722,10.935,10.980007450822026,1
724,10.93375,10.980028044768309,0
726,10.935374999999999,10.979973549012204,1
728,10.935,10.980060899346933,0
730,10.935,10.98008163730782,1
732,10.92875,10.979900537554993,1
734,10.92375,10.980028912044315,0
736,10.925,10.980092322253734,0
738,10.9275,10.980063425861678,1
740,10.925,10.980093000116414,0
742,10.925,10.980001137593531,0
744,10.925,10.980037060165873,0
746,10.92625,10.980022091696377,1
748,10.923750000000002,10.980087678582136,0
750,10.925,10.980044225911506,0
752,10.925,10.980025003464547,1
754,10.92375,10.979990115683668,0
756,10.925,10.980024232382513,1
758,10.92375,10.980043993038196,0
760,10.92375,10.98005381990025,0
762,10.93,10.97965873071944,0
764,10.935,10.980002452460042,1
766,10.930000000000001,10.979599660173575,1
768,10.925,10.980004226370188,1
770,10.92125,10.979541273270147,1
772,10.9175,10.979602411915819,1
774,10.916,10.979935937735119,1
776,10.915,10.979865377507698,0
778,10.915000000000001,10.97955672685643,0
